Workbook

Sheet Datos_Completos
A1: Nombre | B1: Grupo y Asignatura
A2: ALFARO LINARES SANDRA | B2: IRICE701 - Tecnologias para Manejo Masivo de Datos_x000D_ IRICE801 - Cómputo en la Nube_x000D_ IRICE802 - Cómputo en la Nube_x000D_
A3: BAEZA FLORES MARIA DEL CARMEN | B3: LDDPAE804 - Imagen Corporativa_x000D_ DDA502 - Imagen Digital Animada_x000D_ DDA501 - Animación en 3D_x000D_ DDA401 - Animación en 2D_x000D_ DAD101 - Comunicación Gráfica.__x000D_
A4: BERNAL FUENTES SILVIA GUADALUPE | B4: DAD202 - Representación Geométrica._x000D_
A5: CRUZ GARCIA MISAEL
A6: GARCIA TRINIDAD ENRIQUE | B6: IRICE801 - Matemáticas para Ingeniería I_x000D_ IRICE802 - Matemáticas para Ingeniería I_x000D_
A7: GOMEZ GONZALEZ JORGE | B7: DAD208 - Representación Geométrica._x000D_ DDA209 - Geometría Descriptiva._x000D_ DDA206 - Geometría Descriptiva._x000D_ DDA401 - Física_x000D_
A8: GONZALEZ GARCIA VERONICA | B8: DDA505 - Integradora II_x000D_ LDDPA1001 - Gestión de Proyectos_x000D_ DAD205 - Modelado Manual._x000D_ DAD206 - Modelado Manual._x000D_ DAD207 - Modelado Manual._x000D_ DDA208 - Modelado Manual._x000D_
A9: IBARRA VAZQUEZ JESSICA DANIELA | B9: DDA503 - Animación en 3D_x000D_ DDA301 - Software CAD_x000D_ DAD201 - Modelado Manual._x000D_ DAD202 - Modelado Manual._x000D_ DDA502 - Animación en 3D_x000D_
A10: INFANTE DE LA FUENTE JUAN GABRIEL | B10: DSM 401 - Evaluacion y mejora para el Desarrollo de Software _x000D_ DSM 501 - Integradora_x000D_ DSM 502 - Integradora_x000D_ DGSE802 - Desarrollo Web Profesional _x000D_ IRICE802 - Gestión de La Seguridad Informática_x000D_
A11: ISLAS GONZALEZ YUNUEN | B11: LDDPAE804 - Animación 2D Avanzada_x000D_ DDA504 - Animación en 3D_x000D_ DDA505 - Imagen Digital Animada_x000D_ DDA503 - Imagen Digital Animada_x000D_
A12: LANDIN HERREJON JOSE LUIS GUSTAVO | B12: DAD206 - Representación Geométrica._x000D_ DAD207 - Representación Geométrica._x000D_ DAD204 - Mercadotecnia._x000D_ DDA401 - Formación Sociocultural IV_x000D_ DDA502 - Expresión Oral y Escrita II °_x000D_ DDA301 - Mercadotecnia_x000D_ DDA501 - Integradora II_x000D_ DAD101 - Representación Visual.__x000D_
A13: LIMA ARRONA FERNANDO | B13: CD201 - Programación._x000D_ IRD501 - Introducción a Big Data_x000D_ IRD502 - Introducción a Big Data_x000D_
A14: MALDONADO GUERRERO ALHAN GERARD | B14: DDA504 - Edición de Audio y Video_x000D_ DDA505 - Edición de Audio y Video_x000D_ LDDPA901 - Proceso de Producción Audiovisual_x000D_ DAD203 - Modelado Manual._x000D_ DDA503 - Expresión Oral y Escrita II__x000D_
A15: MARTINEZ VEGA FERMIN | B15: LDDPA701 - Estadística_x000D_ LDDPA702 - Estadística_x000D_ DAD205 - Geometría Descriptiva._x000D_ DAD208 - Geometría Descriptiva._x000D_ DDA401 - Prototipos_x000D_
A16: MENDOZA CALVA HECTOR RAUL | B16: DAD201 - Ilustración Digital._x000D_ DAD202 - Ilustración Digital._x000D_ DDA502 - Integradora II_x000D_
A17: MONROY TREJO ALEJANDRO | B17: LDDPA1001 - Postproducción Audiovisual_x000D_ LDDPA701 - Estética Digital_x000D_ LDDPA702 - Estética Digital_x000D_ DAD209 - Representación Geométrica._x000D_
... A35: ZAMACONA PRADO NAYELI | B35: LDDPA701 - Metodología de Diseño_x000D_ LDDPA702 - Metodología de Diseño_x000D_ DAD201 - Mercadotecnia._x000D_ DAD202 - Mercadotecnia._x000D_ DAD203 - Mercadotecnia._x000D_ DDA401 - Diseño Editorial Digital_x000D_ DAD101 - Fundamentos de Diseño y del Lenguaje Visual.__x000D_
A37: GONZALEZ GARCIA VERONICA

Sheet ALFARO LINARES SANDRA
B1: UNIVERSIDAD TECNOLÓGICA FIDEL VELÁZQUEZ
B2: SECRETARÍA ACADÉMICA
B3: CARGA HORARIA PROFESOR DE ASIGNATURA
I5: NOMBRE DE LA DIVISIÓN: TELEMÁTICA
I6: PERIODO CUATRIMESTRAL: (MAYO - AGOSTO 2025) 2025-2
I7: VIGENCIA APARTIR DE: 01/05/2025 AL 30/08/2025
B10: ALFARO LINARES SANDRA | N10: MAESTRÍA
B11: NOMBRE DE LA PROFESORA O PROFESOR | N11: PROFESIÓN Y GRADO MÁXIMO DE ESTUDIOS
B13: DISTRIBUCIÓN DE HORAS AL CUATRIMESTRE
B14: DOCENCIA | D14: FRENTE A GRUPO | H14: ASIGNATURA | L14: CLAVE | M14: GRUPO | N14: HORAS/SEMANA/MES | R14: HORAS TOTALES POR SEMANA**
L15: {=INDEX(z_3_Materias!B2:B508, MATCH(H15, z_3_Materias!A2:A508, 0))} -> 0 | N15: {=INDEX(z_3_Materias!D2:D508, MATCH(H15, z_3_Materias!A2:A508, 0))} -> 0 | R15: =SUM(N15:Q23) -> 0 | T15: =H15&" "&M15
L16: {=INDEX(z_3_Materias!B2:B508, MATCH(H16, z_3_Materias!A2:A508, 0))} -> 0 | N16: {=INDEX(z_3_Materias!D2:D508, MATCH(H16, z_3_Materias!A2:A508, 0))} -> 0 | T16: =H16&" "&M16
L17: {=INDEX(z_3_Materias!B2:B508, MATCH(H17, z_3_Materias!A2:A508, 0))} -> 0 | N17: {=INDEX(z_3_Materias!D2:D508, MATCH(H17, z_3_Materias!A2:A508, 0))} -> 0 | T17: =H17&" "&M17
L18: {=INDEX(z_3_Materias!B2:B508, MATCH(H18, z_3_Materias!A2:A508, 0))} -> 0 | N18: {=INDEX(z_3_Materias!D2:D508, MATCH(H18, z_3_Materias!A2:A508, 0))} -> 0 | T18: =H18&" "&M18
L19: {=INDEX(z_3_Materias!B2:B508, MATCH(H19, z_3_Materias!A2:A508, 0))} -> 0 | N19: {=INDEX(z_3_Materias!D2:D508, MATCH(H19, z_3_Materias!A2:A508, 0))} -> 0 | T19: =H19&" "&M19
L20: {=INDEX(z_3_Materias!B2:B508, MATCH(H20, z_3_Materias!A2:A508, 0))} -> 0 | N20: {=INDEX(z_3_Materias!D2:D508, MATCH(H20, z_3_Materias!A2:A508, 0))} -> 0 | T20: =H20&" "&M20
L21: {=INDEX(z_3_Materias!B2:B508, MATCH(H21, z_3_Materias!A2:A508, 0))} -> 0 | N21: {=INDEX(z_3_Materias!D2:D508, MATCH(H21, z_3_Materias!A2:A508, 0))} -> 0 | T21: =H21&" "&M21
L22: {=INDEX(z_3_Materias!B2:B508, MATCH(H22, z_3_Materias!A2:A508, 0))} -> 0 | N22: {=INDEX(z_3_Materias!D2:D508, MATCH(H22, z_3_Materias!A2:A508, 0))} -> 0 | T22: =H22&" "&M22
L23: {=INDEX(z_3_Materias!B2:B508, MATCH(H23, z_3_Materias!A2:A508, 0))} -> 0 | N23: {=INDEX(z_3_Materias!D2:D508, MATCH(H23, z_3_Materias!A2:A508, 0))} -> 0 | T23: =H23&" "&M23
B25: HORARIO SEMANAL*11)
B26: DISTRIBUCIÓN DE HORAS | H26: LUNES | J26: MARTES | L26: MIERCOLES | N26: JUEVES | P26: VIERNES | R26: SÁBADO
B27: 07:00 A 08:00
B28: 08:00 A 09:00
B29: 09:00 A 10:00
B30: 10:00 A 11:00
B31: 11:00 A 12:00
B32: 12:00 A 13:00
B33: 13:00 A 14:00
B34: 14:00 A 15:00
B35: 15:00 A 16:00
B36: 16:00 A 17:00
B37: 17:00 A 18:00
B38: 18:00 A 19:00
... B41: 21:00 A 22:00
C46: MTRO. OLIVER RAÚL VELÁZQUEZ TORRES | N46: =B10 -> ALFARO LINARES SANDRA
C47: NOMBRE Y FIRMA DEL DIRECTOR ACADÉMICO | N47: NOMBRE Y FIRMA DE LA PROFESORA O PROFESOR

Sheet BAEZA FLORES MARIA DEL CARMEN
B1: UNIVERSIDAD TECNOLÓGICA FIDEL VELÁZQUEZ
B2: SECRETARÍA ACADÉMICA
B3: CARGA HORARIA PROFESOR DE ASIGNATURA
I5: NOMBRE DE LA DIVISIÓN: TELEMÁTICA
I6: PERIODO CUATRIMESTRAL: (MAYO - AGOSTO 2025) 2025-2
I7: VIGENCIA APARTIR DE: 01/05/2025 AL 30/08/2025
B10: BAEZA FLORES MARIA DEL CARMEN | N10: MAESTRÍA
B11: NOMBRE DE LA PROFESORA O PROFESOR | N11: PROFESIÓN Y GRADO MÁXIMO DE ESTUDIOS
B13: DISTRIBUCIÓN DE HORAS AL CUATRIMESTRE
B14: DOCENCIA | D14: FRENTE A GRUPO | H14: ASIGNATURA | L14: CLAVE | M14: GRUPO | N14: HORAS/SEMANA/MES | R14: HORAS TOTALES POR SEMANA**
L15: {=INDEX(z_3_Materias!B2:B508, MATCH(H15, z_3_Materias!A2:A508, 0))} -> 0 | N15: {=INDEX(z_3_Materias!D2:D508, MATCH(H15, z_3_Materias!A2:A508, 0))} -> 0 | R15: =SUM(N15:Q23) -> 5 | T15: =H15&" "&M15
L16: {=INDEX(z_3_Materias!B2:B508, MATCH(H16, z_3_Materias!A2:A508, 0))} -> 0 | N16: {=INDEX(z_3_Materias!D2:D508, MATCH(H16, z_3_Materias!A2:A508, 0))} -> 0 | T16: =H16&" "&M16
L17: {=INDEX(z_3_Materias!B2:B508, MATCH(H17, z_3_Materias!A2:A508, 0))} -> 0 | N17: {=INDEX(z_3_Materias!D2:D508, MATCH(H17, z_3_Materias!A2:A508, 0))} -> 0 | T17: =H17&" "&M17
L18: {=INDEX(z_3_Materias!B2:B508, MATCH(H18, z_3_Materias!A2:A508, 0))} -> 0 | N18: {=INDEX(z_3_Materias!D2:D508, MATCH(H18, z_3_Materias!A2:A508, 0))} -> 0 | T18: =H18&" "&M18
L19: {=INDEX(z_3_Materias!B2:B508, MATCH(H19, z_3_Materias!A2:A508, 0))} -> 0 | N19: {=INDEX(z_3_Materias!D2:D508, MATCH(H19, z_3_Materias!A2:A508, 0))} -> 0 | T19: =H19&" "&M19
L20: {=INDEX(z_3_Materias!B2:B508, MATCH(H20, z_3_Materias!A2:A508, 0))} -> 0 | N20: 5 | T20: =H20&" "&M20
L21: {=INDEX(z_3_Materias!B2:B508, MATCH(H21, z_3_Materias!A2:A508, 0))} -> 0 | N21: {=INDEX(z_3_Materias!D2:D508, MATCH(H21, z_3_Materias!A2:A508, 0))} -> 0 | T21: =H21&" "&M21
L22: {=INDEX(z_3_Materias!B2:B508, MATCH(H22, z_3_Materias!A2:A508, 0))} -> 0 | N22: {=INDEX(z_3_Materias!D2:D508, MATCH(H22, z_3_Materias!A2:A508, 0))} -> 0 | T22: =H22&" "&M22
L23: {=INDEX(z_3_Materias!B2:B508, MATCH(H23, z_3_Materias!A2:A508, 0))} -> 0 | N23: {=INDEX(z_3_Materias!D2:D508, MATCH(H23, z_3_Materias!A2:A508, 0))} -> 0 | T23: =H23&" "&M23
B25: HORARIO SEMANAL*11)
B26: DISTRIBUCIÓN DE HORAS | H26: LUNES | J26: MARTES | L26: MIERCOLES | N26: JUEVES | P26: VIERNES | R26: SÁBADO
B27: 07:00 A 08:00
B28: 08:00 A 09:00
B29: 09:00 A 10:00
B30: 10:00 A 11:00
B31: 11:00 A 12:00
B32: 12:00 A 13:00
B33: 13:00 A 14:00
B34: 14:00 A 15:00
B35: 15:00 A 16:00
B36: 16:00 A 17:00
B37: 17:00 A 18:00
B38: 18:00 A 19:00
... B41: 21:00 A 22:00
C46: MTRO. OLIVER RAÚL VELÁZQUEZ TORRES | N46: =B10 -> BAEZA FLORES MARIA DEL CARMEN
C47: NOMBRE Y FIRMA DEL DIRECTOR ACADÉMICO | N47: NOMBRE Y FIRMA DE LA PROFESORA O PROFESOR

Sheet CRUZ GARCIA MISAEL
B1: UNIVERSIDAD TECNOLÓGICA FIDEL VELÁZQUEZ
B2: SECRETARÍA ACADÉMICA
B3: CARGA HORARIA PROFESOR DE ASIGNATURA
I5: NOMBRE DE LA DIVISIÓN: TELEMÁTICA
I6: PERIODO CUATRIMESTRAL: (MAYO - AGOSTO 2025) 2025-2
I7: VIGENCIA APARTIR DE: 01/05/2025 AL 30/08/2025
B10: CRUZ GARCIA MISAEL | N10: MAESTRÍA
B11: NOMBRE DE LA PROFESORA O PROFESOR | N11: PROFESIÓN Y GRADO MÁXIMO DE ESTUDIOS
B13: DISTRIBUCIÓN DE HORAS AL CUATRIMESTRE
B14: DOCENCIA | D14: FRENTE A GRUPO | H14: ASIGNATURA | L14: CLAVE | M14: GRUPO | N14: HORAS/SEMANA/MES | R14: HORAS TOTALES POR SEMANA**
H15: Modelos Estadísticos* | L15: {=INDEX(z_3_Materias!B2:B508, MATCH(H15, z_3_Materias!A2:A508, 0))} -> 24CD020 | M15: CD301 | N15: {=INDEX(z_3_Materias!D2:D508, MATCH(H15, z_3_Materias!A2:A508, 0))} -> 6 | R15: =SUM(N15:Q23) -> 6 | T15: =H15&" "&M15 -> Modelos Estadísticos* CD301
L16: {=INDEX(z_3_Materias!B2:B508, MATCH(H16, z_3_Materias!A2:A508, 0))} -> 0 | N16: {=INDEX(z_3_Materias!D2:D508, MATCH(H16, z_3_Materias!A2:A508, 0))} -> 0 | T16: =H16&" "&M16
L17: {=INDEX(z_3_Materias!B2:B508, MATCH(H17, z_3_Materias!A2:A508, 0))} -> 0 | N17: {=INDEX(z_3_Materias!D2:D508, MATCH(H17, z_3_Materias!A2:A508, 0))} -> 0 | T17: =H17&" "&M17
L18: {=INDEX(z_3_Materias!B2:B508, MATCH(H18, z_3_Materias!A2:A508, 0))} -> 0 | N18: {=INDEX(z_3_Materias!D2:D508, MATCH(H18, z_3_Materias!A2:A508, 0))} -> 0 | T18: =H18&" "&M18
L19: {=INDEX(z_3_Materias!B2:B508, MATCH(H19, z_3_Materias!A2:A508, 0))} -> 0 | N19: {=INDEX(z_3_Materias!D2:D508, MATCH(H19, z_3_Materias!A2:A508, 0))} -> 0 | T19: =H19&" "&M19
L20: {=INDEX(z_3_Materias!B2:B508, MATCH(H20, z_3_Materias!A2:A508, 0))} -> 0 | N20: {=INDEX(z_3_Materias!D2:D508, MATCH(H20, z_3_Materias!A2:A508, 0))} -> 0 | T20: =H20&" "&M20
L21: {=INDEX(z_3_Materias!B2:B508, MATCH(H21, z_3_Materias!A2:A508, 0))} -> 0 | N21: {=INDEX(z_3_Materias!D2:D508, MATCH(H21, z_3_Materias!A2:A508, 0))} -> 0 | T21: =H21&" "&M21
L22: {=INDEX(z_3_Materias!B2:B508, MATCH(H22, z_3_Materias!A2:A508, 0))} -> 0 | N22: {=INDEX(z_3_Materias!D2:D508, MATCH(H22, z_3_Materias!A2:A508, 0))} -> 0 | T22: =H22&" "&M22
L23: {=INDEX(z_3_Materias!B2:B508, MATCH(H23, z_3_Materias!A2:A508, 0))} -> 0 | N23: {=INDEX(z_3_Materias!D2:D508, MATCH(H23, z_3_Materias!A2:A508, 0))} -> 0 | T23: =H23&" "&M23
B25: HORARIO SEMANAL*11)
B26: DISTRIBUCIÓN DE HORAS | H26: LUNES | J26: MARTES | L26: MIERCOLES | N26: JUEVES | P26: VIERNES | R26: SÁBADO
B27: 07:00 A 08:00
B28: 08:00 A 09:00
B29: 09:00 A 10:00
B30: 10:00 A 11:00
B31: 11:00 A 12:00
B32: 12:00 A 13:00
B33: 13:00 A 14:00
B34: 14:00 A 15:00
B35: 15:00 A 16:00
B36: 16:00 A 17:00
B37: 17:00 A 18:00
B38: 18:00 A 19:00
... B41: 21:00 A 22:00
C46: MTRO. OLIVER RAÚL VELÁZQUEZ TORRES | N46: =B10 -> CRUZ GARCIA MISAEL
C47: NOMBRE Y FIRMA DEL DIRECTOR ACADÉMICO | N47: NOMBRE Y FIRMA DE LA PROFESORA O PROFESOR

Sheet GARCIA TRINIDAD ENRIQUE
B1: UNIVERSIDAD TECNOLÓGICA FIDEL VELÁZQUEZ
B2: SECRETARÍA ACADÉMICA
B3: CARGA HORARIA PROFESOR DE ASIGNATURA
I5: NOMBRE DE LA DIVISIÓN: TELEMÁTICA
I6: PERIODO CUATRIMESTRAL: (MAYO - AGOSTO 2025) 2025-2
I7: VIGENCIA APARTIR DE: 01/05/2025 AL 30/08/2025
B10: GARCIA TRINIDAD ENRIQUE | N10: MAESTRÍA
B11: NOMBRE DE LA PROFESORA O PROFESOR | N11: PROFESIÓN Y GRADO MÁXIMO DE ESTUDIOS
B13: DISTRIBUCIÓN DE HORAS AL CUATRIMESTRE
B14: DOCENCIA | D14: FRENTE A GRUPO | H14: ASIGNATURA | L14: CLAVE | M14: GRUPO | N14: HORAS/SEMANA/MES | R14: HORAS TOTALES POR SEMANA**
L15: {=INDEX(z_3_Materias!B2:B508, MATCH(H15, z_3_Materias!A2:A508, 0))} -> 0 | N15: {=INDEX(z_3_Materias!D2:D508, MATCH(H15, z_3_Materias!A2:A508, 0))} -> 0 | R15: =SUM(N15:Q23) -> 0 | T15: =H15&" "&M15
L16: {=INDEX(z_3_Materias!B2:B508, MATCH(H16, z_3_Materias!A2:A508, 0))} -> 0 | N16: {=INDEX(z_3_Materias!D2:D508, MATCH(H16, z_3_Materias!A2:A508, 0))} -> 0 | T16: =H16&" "&M16
L17: {=INDEX(z_3_Materias!B2:B508, MATCH(H17, z_3_Materias!A2:A508, 0))} -> 0 | N17: {=INDEX(z_3_Materias!D2:D508, MATCH(H17, z_3_Materias!A2:A508, 0))} -> 0 | T17: =H17&" "&M17
L18: {=INDEX(z_3_Materias!B2:B508, MATCH(H18, z_3_Materias!A2:A508, 0))} -> 0 | N18: {=INDEX(z_3_Materias!D2:D508, MATCH(H18, z_3_Materias!A2:A508, 0))} -> 0 | T18: =H18&" "&M18
L19: {=INDEX(z_3_Materias!B2:B508, MATCH(H19, z_3_Materias!A2:A508, 0))} -> 0 | N19: {=INDEX(z_3_Materias!D2:D508, MATCH(H19, z_3_Materias!A2:A508, 0))} -> 0 | T19: =H19&" "&M19
L20: {=INDEX(z_3_Materias!B2:B508, MATCH(H20, z_3_Materias!A2:A508, 0))} -> 0 | N20: {=INDEX(z_3_Materias!D2:D508, MATCH(H20, z_3_Materias!A2:A508, 0))} -> 0 | T20: =H20&" "&M20
L21: {=INDEX(z_3_Materias!B2:B508, MATCH(H21, z_3_Materias!A2:A508, 0))} -> 0 | N21: {=INDEX(z_3_Materias!D2:D508, MATCH(H21, z_3_Materias!A2:A508, 0))} -> 0 | T21: =H21&" "&M21
L22: {=INDEX(z_3_Materias!B2:B508, MATCH(H22, z_3_Materias!A2:A508, 0))} -> 0 | N22: {=INDEX(z_3_Materias!D2:D508, MATCH(H22, z_3_Materias!A2:A508, 0))} -> 0 | T22: =H22&" "&M22
L23: {=INDEX(z_3_Materias!B2:B508, MATCH(H23, z_3_Materias!A2:A508, 0))} -> 0 | N23: {=INDEX(z_3_Materias!D2:D508, MATCH(H23, z_3_Materias!A2:A508, 0))} -> 0 | T23: =H23&" "&M23
B25: HORARIO SEMANAL*11)
B26: DISTRIBUCIÓN DE HORAS | H26: LUNES | J26: MARTES | L26: MIERCOLES | N26: JUEVES | P26: VIERNES | R26: SÁBADO
B27: 07:00 A 08:00
B28: 08:00 A 09:00
B29: 09:00 A 10:00
B30: 10:00 A 11:00
B31: 11:00 A 12:00
B32: 12:00 A 13:00
B33: 13:00 A 14:00
B34: 14:00 A 15:00
B35: 15:00 A 16:00
B36: 16:00 A 17:00
B37: 17:00 A 18:00
B38: 18:00 A 19:00
... B41: 21:00 A 22:00
C46: MTRO. OLIVER RAÚL VELÁZQUEZ TORRES | N46: =B10 -> GARCIA TRINIDAD ENRIQUE
C47: NOMBRE Y FIRMA DEL DIRECTOR ACADÉMICO | N47: NOMBRE Y FIRMA DE LA PROFESORA O PROFESOR

Sheet GOMEZ GONZALEZ JORGE
B1: UNIVERSIDAD TECNOLÓGICA FIDEL VELÁZQUEZ
B2: SECRETARÍA ACADÉMICA
B3: CARGA HORARIA PROFESOR DE ASIGNATURA
I5: NOMBRE DE LA DIVISIÓN: TELEMÁTICA
I6: PERIODO CUATRIMESTRAL: (MAYO - AGOSTO 2025) 2025-2
I7: VIGENCIA APARTIR DE: 01/05/2025 AL 30/08/2025
B10: GOMEZ GONZALEZ JORGE | N10: MAESTRÍA
B11: NOMBRE DE LA PROFESORA O PROFESOR | N11: PROFESIÓN Y GRADO MÁXIMO DE ESTUDIOS
B13: DISTRIBUCIÓN DE HORAS AL CUATRIMESTRE
B14: DOCENCIA | D14: FRENTE A GRUPO | H14: ASIGNATURA | L14: CLAVE | M14: GRUPO | N14: HORAS/SEMANA/MES | R14: HORAS TOTALES POR SEMANA**
L15: {=INDEX(z_3_Materias!B2:B508, MATCH(H15, z_3_Materias!A2:A508, 0))} -> 0 | N15: {=INDEX(z_3_Materias!D2:D508, MATCH(H15, z_3_Materias!A2:A508, 0))} -> 0 | R15: =SUM(N15:Q23) -> 0 | T15: =H15&" "&M15
L16: {=INDEX(z_3_Materias!B2:B508, MATCH(H16, z_3_Materias!A2:A508, 0))} -> 0 | N16: {=INDEX(z_3_Materias!D2:D508, MATCH(H16, z_3_Materias!A2:A508, 0))} -> 0 | T16: =H16&" "&M16
L17: {=INDEX(z_3_Materias!B2:B508, MATCH(H17, z_3_Materias!A2:A508, 0))} -> 0 | N17: {=INDEX(z_3_Materias!D2:D508, MATCH(H17, z_3_Materias!A2:A508, 0))} -> 0 | T17: =H17&" "&M17
L18: {=INDEX(z_3_Materias!B2:B508, MATCH(H18, z_3_Materias!A2:A508, 0))} -> 0 | N18: {=INDEX(z_3_Materias!D2:D508, MATCH(H18, z_3_Materias!A2:A508, 0))} -> 0 | T18: =H18&" "&M18
L19: {=INDEX(z_3_Materias!B2:B508, MATCH(H19, z_3_Materias!A2:A508, 0))} -> 0 | N19: {=INDEX(z_3_Materias!D2:D508, MATCH(H19, z_3_Materias!A2:A508, 0))} -> 0 | T19: =H19&" "&M19
L20: {=INDEX(z_3_Materias!B2:B508, MATCH(H20, z_3_Materias!A2:A508, 0))} -> 0 | N20: {=INDEX(z_3_Materias!D2:D508, MATCH(H20, z_3_Materias!A2:A508, 0))} -> 0 | T20: =H20&" "&M20
L21: {=INDEX(z_3_Materias!B2:B508, MATCH(H21, z_3_Materias!A2:A508, 0))} -> 0 | N21: {=INDEX(z_3_Materias!D2:D508, MATCH(H21, z_3_Materias!A2:A508, 0))} -> 0 | T21: =H21&" "&M21
L22: {=INDEX(z_3_Materias!B2:B508, MATCH(H22, z_3_Materias!A2:A508, 0))} -> 0 | N22: {=INDEX(z_3_Materias!D2:D508, MATCH(H22, z_3_Materias!A2:A508, 0))} -> 0 | T22: =H22&" "&M22
L23: {=INDEX(z_3_Materias!B2:B508, MATCH(H23, z_3_Materias!A2:A508, 0))} -> 0 | N23: {=INDEX(z_3_Materias!D2:D508, MATCH(H23, z_3_Materias!A2:A508, 0))} -> 0 | T23: =H23&" "&M23
B25: HORARIO SEMANAL*11)
B26: DISTRIBUCIÓN DE HORAS | H26: LUNES | J26: MARTES | L26: MIERCOLES | N26: JUEVES | P26: VIERNES | R26: SÁBADO
B27: 07:00 A 08:00
B28: 08:00 A 09:00
B29: 09:00 A 10:00
B30: 10:00 A 11:00
B31: 11:00 A 12:00
B32: 12:00 A 13:00
B33: 13:00 A 14:00
B34: 14:00 A 15:00
B35: 15:00 A 16:00
B36: 16:00 A 17:00
B37: 17:00 A 18:00
B38: 18:00 A 19:00
... B41: 21:00 A 22:00
C46: MTRO. OLIVER RAÚL VELÁZQUEZ TORRES | N46: =B10 -> GOMEZ GONZALEZ JORGE
C47: NOMBRE Y FIRMA DEL DIRECTOR ACADÉMICO | N47: NOMBRE Y FIRMA DE LA PROFESORA O PROFESOR

Sheet GONZALEZ GARCIA VERONICA
B1: UNIVERSIDAD TECNOLÓGICA FIDEL VELÁZQUEZ
B2: SECRETARÍA ACADÉMICA
B3: CARGA HORARIA PROFESOR DE ASIGNATURA
I5: NOMBRE DE LA DIVISIÓN: TELEMÁTICA
I6: PERIODO CUATRIMESTRAL: (MAYO - AGOSTO 2025) 2025-2
I7: VIGENCIA APARTIR DE: 01/05/2025 AL 30/08/2025
B10: GONZALEZ GARCIA VERONICA | N10: MAESTRÍA
B11: NOMBRE DE LA PROFESORA O PROFESOR | N11: PROFESIÓN Y GRADO MÁXIMO DE ESTUDIOS
B13: DISTRIBUCIÓN DE HORAS AL CUATRIMESTRE
B14: DOCENCIA | D14: FRENTE A GRUPO | L14: CLAVE | M14: GRUPO | N14: HORAS/SEMANA/MES | R14: HORAS TOTALES POR SEMANA**
L15: {=INDEX(z_3_Materias!B2:B508, MATCH(H15, z_3_Materias!A2:A508, 0))} -> 0 | N15: {=INDEX(z_3_Materias!D2:D508, MATCH(H15, z_3_Materias!A2:A508, 0))} -> 0 | R15: =SUM(N15:Q23) -> 0 | T15: =H15&" "&M15
L16: {=INDEX(z_3_Materias!B2:B508, MATCH(H16, z_3_Materias!A2:A508, 0))} -> 0 | N16: {=INDEX(z_3_Materias!D2:D508, MATCH(H16, z_3_Materias!A2:A508, 0))} -> 0 | T16: =H16&" "&M16
L17: {=INDEX(z_3_Materias!B2:B508, MATCH(H17, z_3_Materias!A2:A508, 0))} -> 0 | N17: {=INDEX(z_3_Materias!D2:D508, MATCH(H17, z_3_Materias!A2:A508, 0))} -> 0 | T17: =H17&" "&M17
L18: {=INDEX(z_3_Materias!B2:B508, MATCH(H18, z_3_Materias!A2:A508, 0))} -> 0 | N18: {=INDEX(z_3_Materias!D2:D508, MATCH(H18, z_3_Materias!A2:A508, 0))} -> 0 | T18: =H18&" "&M18
L19: {=INDEX(z_3_Materias!B2:B508, MATCH(H19, z_3_Materias!A2:A508, 0))} -> 0 | N19: {=INDEX(z_3_Materias!D2:D508, MATCH(H19, z_3_Materias!A2:A508, 0))} -> 0 | T19: =H19&" "&M19
L20: {=INDEX(z_3_Materias!B2:B508, MATCH(H20, z_3_Materias!A2:A508, 0))} -> 0 | N20: {=INDEX(z_3_Materias!D2:D508, MATCH(H20, z_3_Materias!A2:A508, 0))} -> 0 | T20: =H20&" "&M20
L21: {=INDEX(z_3_Materias!B2:B508, MATCH(H21, z_3_Materias!A2:A508, 0))} -> 0 | N21: {=INDEX(z_3_Materias!D2:D508, MATCH(H21, z_3_Materias!A2:A508, 0))} -> 0 | T21: =H21&" "&M21
L22: {=INDEX(z_3_Materias!B2:B508, MATCH(H22, z_3_Materias!A2:A508, 0))} -> 0 | N22: {=INDEX(z_3_Materias!D2:D508, MATCH(H22, z_3_Materias!A2:A508, 0))} -> 0 | T22: =H22&" "&M22
L23: {=INDEX(z_3_Materias!B2:B508, MATCH(H23, z_3_Materias!A2:A508, 0))} -> 0 | N23: {=INDEX(z_3_Materias!D2:D508, MATCH(H23, z_3_Materias!A2:A508, 0))} -> 0 | T23: =H23&" "&M23
B25: HORARIO SEMANAL*11)
B26: DISTRIBUCIÓN DE HORAS | H26: LUNES | J26: MARTES | L26: MIERCOLES | N26: JUEVES | P26: VIERNES | R26: SÁBADO
B27: 07:00 A 08:00
B28: 08:00 A 09:00
B29: 09:00 A 10:00
B30: 10:00 A 11:00
B31: 11:00 A 12:00
B32: 12:00 A 13:00
B33: 13:00 A 14:00
B34: 14:00 A 15:00
B35: 15:00 A 16:00
B36: 16:00 A 17:00
B37: 17:00 A 18:00
B38: 18:00 A 19:00
... B41: 21:00 A 22:00
C46: MTRO. OLIVER RAÚL VELÁZQUEZ TORRES | N46: =B10 -> GONZALEZ GARCIA VERONICA
C47: NOMBRE Y FIRMA DEL DIRECTOR ACADÉMICO | N47: NOMBRE Y FIRMA DE LA PROFESORA O PROFESOR

Sheet IBARRA VAZQUEZ JESSICA DANIELA
B1: UNIVERSIDAD TECNOLÓGICA FIDEL VELÁZQUEZ
B2: SECRETARÍA ACADÉMICA
B3: CARGA HORARIA PROFESOR DE ASIGNATURA
I5: NOMBRE DE LA DIVISIÓN: TELEMÁTICA
I6: PERIODO CUATRIMESTRAL: (MAYO - AGOSTO 2025) 2025-2
I7: VIGENCIA APARTIR DE: 01/05/2025 AL 30/08/2025
B10: IBARRA VAZQUEZ JESSICA DANIELA | N10: MAESTRÍA
B11: NOMBRE DE LA PROFESORA O PROFESOR | N11: PROFESIÓN Y GRADO MÁXIMO DE ESTUDIOS
B13: DISTRIBUCIÓN DE HORAS AL CUATRIMESTRE
B14: DOCENCIA | D14: FRENTE A GRUPO | H14: ASIGNATURA | L14: CLAVE | M14: GRUPO | N14: HORAS/SEMANA/MES | R14: HORAS TOTALES POR SEMANA**
L15: {=INDEX(z_3_Materias!B2:B508, MATCH(H15, z_3_Materias!A2:A508, 0))} -> 0 | N15: {=INDEX(z_3_Materias!D2:D508, MATCH(H15, z_3_Materias!A2:A508, 0))} -> 0 | R15: =SUM(N15:Q23) -> 0 | T15: =H15&" "&M15
L16: {=INDEX(z_3_Materias!B2:B508, MATCH(H16, z_3_Materias!A2:A508, 0))} -> 0 | N16: {=INDEX(z_3_Materias!D2:D508, MATCH(H16, z_3_Materias!A2:A508, 0))} -> 0 | T16: =H16&" "&M16
L17: {=INDEX(z_3_Materias!B2:B508, MATCH(H17, z_3_Materias!A2:A508, 0))} -> 0 | N17: {=INDEX(z_3_Materias!D2:D508, MATCH(H17, z_3_Materias!A2:A508, 0))} -> 0 | T17: =H17&" "&M17
L18: {=INDEX(z_3_Materias!B2:B508, MATCH(H18, z_3_Materias!A2:A508, 0))} -> 0 | N18: {=INDEX(z_3_Materias!D2:D508, MATCH(H18, z_3_Materias!A2:A508, 0))} -> 0 | T18: =H18&" "&M18
L19: {=INDEX(z_3_Materias!B2:B508, MATCH(H19, z_3_Materias!A2:A508, 0))} -> 0 | N19: {=INDEX(z_3_Materias!D2:D508, MATCH(H19, z_3_Materias!A2:A508, 0))} -> 0 | T19: =H19&" "&M19
L20: {=INDEX(z_3_Materias!B2:B508, MATCH(H20, z_3_Materias!A2:A508, 0))} -> 0 | N20: {=INDEX(z_3_Materias!D2:D508, MATCH(H20, z_3_Materias!A2:A508, 0))} -> 0 | T20: =H20&" "&M20
L21: {=INDEX(z_3_Materias!B2:B508, MATCH(H21, z_3_Materias!A2:A508, 0))} -> 0 | N21: {=INDEX(z_3_Materias!D2:D508, MATCH(H21, z_3_Materias!A2:A508, 0))} -> 0 | T21: =H21&" "&M21
L22: {=INDEX(z_3_Materias!B2:B508, MATCH(H22, z_3_Materias!A2:A508, 0))} -> 0 | N22: {=INDEX(z_3_Materias!D2:D508, MATCH(H22, z_3_Materias!A2:A508, 0))} -> 0 | T22: =H22&" "&M22
L23: {=INDEX(z_3_Materias!B2:B508, MATCH(H23, z_3_Materias!A2:A508, 0))} -> 0 | N23: {=INDEX(z_3_Materias!D2:D508, MATCH(H23, z_3_Materias!A2:A508, 0))} -> 0 | T23: =H23&" "&M23
B25: HORARIO SEMANAL*11)
B26: DISTRIBUCIÓN DE HORAS | H26: LUNES | J26: MARTES | L26: MIERCOLES | N26: JUEVES | P26: VIERNES | R26: SÁBADO
B27: 07:00 A 08:00
B28: 08:00 A 09:00
B29: 09:00 A 10:00
B30: 10:00 A 11:00
B31: 11:00 A 12:00
B32: 12:00 A 13:00
B33: 13:00 A 14:00
B34: 14:00 A 15:00
B35: 15:00 A 16:00
B36: 16:00 A 17:00
B37: 17:00 A 18:00
B38: 18:00 A 19:00
... B41: 21:00 A 22:00
C46: MTRO. OLIVER RAÚL VELÁZQUEZ TORRES | N46: =B10 -> IBARRA VAZQUEZ JESSICA DANIELA
C47: NOMBRE Y FIRMA DEL DIRECTOR ACADÉMICO | N47: NOMBRE Y FIRMA DE LA PROFESORA O PROFESOR

Sheet INFANTE DE LA FUENTE JUAN GABRI
B1: UNIVERSIDAD TECNOLÓGICA FIDEL VELÁZQUEZ
B2: SECRETARÍA ACADÉMICA
B3: CARGA HORARIA PROFESOR DE ASIGNATURA
I5: NOMBRE DE LA DIVISIÓN: TELEMÁTICA
I6: PERIODO CUATRIMESTRAL: (MAYO - AGOSTO 2025) 2025-2
I7: VIGENCIA APARTIR DE: 01/05/2025 AL 30/08/2025
B10: INFANTE DE LA FUENTE JUAN GABRIEL | N10: MAESTRÍA
B11: NOMBRE DE LA PROFESORA O PROFESOR | N11: PROFESIÓN Y GRADO MÁXIMO DE ESTUDIOS
B13: DISTRIBUCIÓN DE HORAS AL CUATRIMESTRE
B14: DOCENCIA | D14: FRENTE A GRUPO | H14: ASIGNATURA | L14: CLAVE | M14: GRUPO | N14: HORAS/SEMANA/MES | R14: HORAS TOTALES POR SEMANA**
T15: =H15&" "&M15
T16: =H16&" "&M16
T17: =H17&" "&M17
T18: =H18&" "&M18
L19: {=INDEX(z_3_Materias!B2:B508, MATCH(H19, z_3_Materias!A2:A508, 0))} -> 0 | T19: =H19&" "&M19
L20: {=INDEX(z_3_Materias!B2:B508, MATCH(H20, z_3_Materias!A2:A508, 0))} -> 0 | N20: {=INDEX(z_3_Materias!D2:D508, MATCH(H20, z_3_Materias!A2:A508, 0))} -> 0 | T20: =H20&" "&M20
L21: {=INDEX(z_3_Materias!B2:B508, MATCH(H21, z_3_Materias!A2:A508, 0))} -> 0 | N21: {=INDEX(z_3_Materias!D2:D508, MATCH(H21, z_3_Materias!A2:A508, 0))} -> 0 | T21: =H21&" "&M21
L22: {=INDEX(z_3_Materias!B2:B508, MATCH(H22, z_3_Materias!A2:A508, 0))} -> 0 | N22: {=INDEX(z_3_Materias!D2:D508, MATCH(H22, z_3_Materias!A2:A508, 0))} -> 0 | T22: =H22&" "&M22
L23: {=INDEX(z_3_Materias!B2:B508, MATCH(H23, z_3_Materias!A2:A508, 0))} -> 0 | N23: {=INDEX(z_3_Materias!D2:D508, MATCH(H23, z_3_Materias!A2:A508, 0))} -> 0 | T23: =H23&" "&M23
B25: HORARIO SEMANAL*11)
B26: DISTRIBUCIÓN DE HORAS | H26: LUNES | J26: MARTES | L26: MIERCOLES | N26: JUEVES | P26: VIERNES | R26: SÁBADO
B27: 07:00 A 08:00
B28: 08:00 A 09:00
B29: 09:00 A 10:00
B30: 10:00 A 11:00
B31: 11:00 A 12:00
B32: 12:00 A 13:00
B33: 13:00 A 14:00
B34: 14:00 A 15:00
B35: 15:00 A 16:00
B36: 16:00 A 17:00
B37: 17:00 A 18:00
B38: 18:00 A 19:00
... B41: 21:00 A 22:00
C44: ING. OSCAR ARMANDO BAEZA HUICOCHEA
C45: NOMBRE Y FIRMA DEL DIRECTOR ACADÉMICO
N46: =B10 -> INFANTE DE LA FUENTE JUAN GABRIEL
C47: MTRO. OLIVER RAÚL VELÁZQUEZ TORRES | N47: NOMBRE Y FIRMA DE LA PROFESORA O PROFESOR
C48: NOMBRE Y FIRMA DEL DIRECTOR ACADÉMICO

Sheet ISLAS GONZALEZ YUNUEN
B1: UNIVERSIDAD TECNOLÓGICA FIDEL VELÁZQUEZ
B2: SECRETARÍA ACADÉMICA
B3: CARGA HORARIA PROFESOR DE ASIGNATURA
I5: NOMBRE DE LA DIVISIÓN: TELEMÁTICA
I6: PERIODO CUATRIMESTRAL: (MAYO - AGOSTO 2025) 2025-2
I7: VIGENCIA APARTIR DE: 01/05/2025 AL 30/08/2025
B10: ISLAS GONZALEZ YUNUEN | N10: LICENCIATURA
B11: NOMBRE DE LA PROFESORA O PROFESOR | N11: PROFESIÓN Y GRADO MÁXIMO DE ESTUDIOS
B13: DISTRIBUCIÓN DE HORAS AL CUATRIMESTRE
B14: DOCENCIA | D14: FRENTE A GRUPO | H14: ASIGNATURA | L14: CLAVE | M14: GRUPO | N14: HORAS/SEMANA/MES | R14: HORAS TOTALES POR SEMANA**
L15: {=INDEX(z_3_Materias!B2:B508, MATCH(H15, z_3_Materias!A2:A508, 0))} -> 0 | N15: {=INDEX(z_3_Materias!D2:D508, MATCH(H15, z_3_Materias!A2:A508, 0))} -> 0 | R15: =SUM(N15:Q23) -> 0 | T15: =H15&" "&M15
L16: {=INDEX(z_3_Materias!B2:B508, MATCH(H16, z_3_Materias!A2:A508, 0))} -> 0 | N16: {=INDEX(z_3_Materias!D2:D508, MATCH(H16, z_3_Materias!A2:A508, 0))} -> 0 | T16: =H16&" "&M16
L17: {=INDEX(z_3_Materias!B2:B508, MATCH(H17, z_3_Materias!A2:A508, 0))} -> 0 | N17: {=INDEX(z_3_Materias!D2:D508, MATCH(H17, z_3_Materias!A2:A508, 0))} -> 0 | T17: =H17&" "&M17
L18: {=INDEX(z_3_Materias!B2:B508, MATCH(H18, z_3_Materias!A2:A508, 0))} -> 0 | N18: {=INDEX(z_3_Materias!D2:D508, MATCH(H18, z_3_Materias!A2:A508, 0))} -> 0 | T18: =H18&" "&M18
L19: {=INDEX(z_3_Materias!B2:B508, MATCH(H19, z_3_Materias!A2:A508, 0))} -> 0 | N19: {=INDEX(z_3_Materias!D2:D508, MATCH(H19, z_3_Materias!A2:A508, 0))} -> 0 | T19: =H19&" "&M19
L20: {=INDEX(z_3_Materias!B2:B508, MATCH(H20, z_3_Materias!A2:A508, 0))} -> 0 | N20: {=INDEX(z_3_Materias!D2:D508, MATCH(H20, z_3_Materias!A2:A508, 0))} -> 0 | T20: =H20&" "&M20
L21: {=INDEX(z_3_Materias!B2:B508, MATCH(H21, z_3_Materias!A2:A508, 0))} -> 0 | N21: {=INDEX(z_3_Materias!D2:D508, MATCH(H21, z_3_Materias!A2:A508, 0))} -> 0 | T21: =H21&" "&M21
L22: {=INDEX(z_3_Materias!B2:B508, MATCH(H22, z_3_Materias!A2:A508, 0))} -> 0 | N22: {=INDEX(z_3_Materias!D2:D508, MATCH(H22, z_3_Materias!A2:A508, 0))} -> 0 | T22: =H22&" "&M22
L23: {=INDEX(z_3_Materias!B2:B508, MATCH(H23, z_3_Materias!A2:A508, 0))} -> 0 | N23: {=INDEX(z_3_Materias!D2:D508, MATCH(H23, z_3_Materias!A2:A508, 0))} -> 0 | T23: =H23&" "&M23
B25: HORARIO SEMANAL*11)
B26: DISTRIBUCIÓN DE HORAS | H26: LUNES | J26: MARTES | L26: MIERCOLES | N26: JUEVES | P26: VIERNES | R26: SÁBADO
B27: 07:00 A 08:00
B28: 08:00 A 09:00
B29: 09:00 A 10:00
B30: 10:00 A 11:00
B31: 11:00 A 12:00
B32: 12:00 A 13:00
B33: 13:00 A 14:00
B34: 14:00 A 15:00
B35: 15:00 A 16:00
B36: 16:00 A 17:00
B37: 17:00 A 18:00
B38: 18:00 A 19:00
... B41: 21:00 A 22:00
C46: MTRO. OLIVER RAÚL VELÁZQUEZ TORRES | N46: =B10 -> ISLAS GONZALEZ YUNUEN
C47: NOMBRE Y FIRMA DEL DIRECTOR ACADÉMICO | N47: NOMBRE Y FIRMA DE LA PROFESORA O PROFESOR

Sheet LANDIN HERREJON JOSE LUIS GUSTA
B1: UNIVERSIDAD TECNOLÓGICA FIDEL VELÁZQUEZ
B2: SECRETARÍA ACADÉMICA
B3: CARGA HORARIA PROFESOR DE ASIGNATURA
I5: NOMBRE DE LA DIVISIÓN: TELEMÁTICA
I6: PERIODO CUATRIMESTRAL: (MAYO - AGOSTO 2025) 2025-2
I7: VIGENCIA APARTIR DE: 01/05/2025 AL 30/08/2025
B10: LANDIN HERREJON JOSE LUIS GUSTAVO | N10: MAESTRÍA
B11: NOMBRE DE LA PROFESORA O PROFESOR | N11: PROFESIÓN Y GRADO MÁXIMO DE ESTUDIOS
B13: DISTRIBUCIÓN DE HORAS AL CUATRIMESTRE
B14: DOCENCIA | D14: FRENTE A GRUPO | H14: ASIGNATURA | L14: CLAVE | M14: GRUPO | N14: HORAS/SEMANA/MES | R14: HORAS TOTALES POR SEMANA**
L15: {=INDEX(z_3_Materias!B2:B508, MATCH(H15, z_3_Materias!A2:A508, 0))} -> 0 | N15: {=INDEX(z_3_Materias!D2:D508, MATCH(H15, z_3_Materias!A2:A508, 0))} -> 0 | R15: =SUM(N15:Q23) -> 0 | T15: =H15&" "&M15
L16: {=INDEX(z_3_Materias!B2:B508, MATCH(H16, z_3_Materias!A2:A508, 0))} -> 0 | N16: {=INDEX(z_3_Materias!D2:D508, MATCH(H16, z_3_Materias!A2:A508, 0))} -> 0 | T16: =H16&" "&M16
L17: {=INDEX(z_3_Materias!B2:B508, MATCH(H17, z_3_Materias!A2:A508, 0))} -> 0 | N17: {=INDEX(z_3_Materias!D2:D508, MATCH(H17, z_3_Materias!A2:A508, 0))} -> 0 | T17: =H17&" "&M17
L18: {=INDEX(z_3_Materias!B2:B508, MATCH(H18, z_3_Materias!A2:A508, 0))} -> 0 | N18: {=INDEX(z_3_Materias!D2:D508, MATCH(H18, z_3_Materias!A2:A508, 0))} -> 0 | T18: =H18&" "&M18
L19: {=INDEX(z_3_Materias!B2:B508, MATCH(H19, z_3_Materias!A2:A508, 0))} -> 0 | N19: {=INDEX(z_3_Materias!D2:D508, MATCH(H19, z_3_Materias!A2:A508, 0))} -> 0 | T19: =H19&" "&M19
L20: {=INDEX(z_3_Materias!B2:B508, MATCH(H20, z_3_Materias!A2:A508, 0))} -> 0 | N20: {=INDEX(z_3_Materias!D2:D508, MATCH(H20, z_3_Materias!A2:A508, 0))} -> 0 | T20: =H20&" "&M20
L21: {=INDEX(z_3_Materias!B2:B508, MATCH(H21, z_3_Materias!A2:A508, 0))} -> 0 | N21: {=INDEX(z_3_Materias!D2:D508, MATCH(H21, z_3_Materias!A2:A508, 0))} -> 0 | T21: =H21&" "&M21
L22: {=INDEX(z_3_Materias!B2:B508, MATCH(H22, z_3_Materias!A2:A508, 0))} -> 0 | N22: {=INDEX(z_3_Materias!D2:D508, MATCH(H22, z_3_Materias!A2:A508, 0))} -> 0 | T22: =H22&" "&M22
L23: {=INDEX(z_3_Materias!B2:B508, MATCH(H23, z_3_Materias!A2:A508, 0))} -> 0 | N23: {=INDEX(z_3_Materias!D2:D508, MATCH(H23, z_3_Materias!A2:A508, 0))} -> 0 | T23: =H23&" "&M23
B25: HORARIO SEMANAL*11)
B26: DISTRIBUCIÓN DE HORAS | H26: LUNES | J26: MARTES | L26: MIERCOLES | N26: JUEVES | P26: VIERNES | R26: SÁBADO
B27: 07:00 A 08:00
B28: 08:00 A 09:00
B29: 09:00 A 10:00
B30: 10:00 A 11:00
B31: 11:00 A 12:00
B32: 12:00 A 13:00
B33: 13:00 A 14:00
B34: 14:00 A 15:00
B35: 15:00 A 16:00
B36: 16:00 A 17:00
B37: 17:00 A 18:00
B38: 18:00 A 19:00
... B41: 21:00 A 22:00
C46: MTRO. OLIVER RAÚL VELÁZQUEZ TORRES | N46: =B10 -> LANDIN HERREJON JOSE LUIS GUSTAVO
C47: NOMBRE Y FIRMA DEL DIRECTOR ACADÉMICO | N47: NOMBRE Y FIRMA DE LA PROFESORA O PROFESOR

Sheet LIMA ARRONA FERNANDO
B1: UNIVERSIDAD TECNOLÓGICA FIDEL VELÁZQUEZ
B2: SECRETARÍA ACADÉMICA
B3: CARGA HORARIA PROFESOR DE ASIGNATURA
I5: NOMBRE DE LA DIVISIÓN: TELEMÁTICA
I6: PERIODO CUATRIMESTRAL: (MAYO - AGOSTO 2025) 2025-2
I7: VIGENCIA APARTIR DE: 01/05/2025 AL 30/08/2025
B10: LIMA ARRONA FERNANDO | N10: MAESTRÍA
B11: NOMBRE DE LA PROFESORA O PROFESOR | N11: PROFESIÓN Y GRADO MÁXIMO DE ESTUDIOS
B13: DISTRIBUCIÓN DE HORAS AL CUATRIMESTRE
B14: DOCENCIA | D14: FRENTE A GRUPO | H14: ASIGNATURA | L14: CLAVE | M14: GRUPO | N14: HORAS/SEMANA/MES | R14: HORAS TOTALES POR SEMANA**
H15: Procesamiento de Datos* | L15: {=INDEX(z_3_Materias!B2:B508, MATCH(H15, z_3_Materias!A2:A508, 0))} -> 24CD019 | M15: CD301 | N15: {=INDEX(z_3_Materias!D2:D508, MATCH(H15, z_3_Materias!A2:A508, 0))} -> 6 | R15: =SUM(N15:Q23) -> 20 | T15: =H15&" "&M15 -> Procesamiento de Datos* CD301
H16: Programación Orientada a Objetos_ | L16: {=INDEX(z_3_Materias!B2:B508, MATCH(H16, z_3_Materias!A2:A508, 0))} -> 24IRD020 | M16: IRD301 | N16: {=INDEX(z_3_Materias!D2:D508, MATCH(H16, z_3_Materias!A2:A508, 0))} -> 7 | T16: =H16&" "&M16 -> Programación Orientada a Objetos_ IRD301
H17: Programación Orientada a Objetos_ | L17: {=INDEX(z_3_Materias!B2:B508, MATCH(H17, z_3_Materias!A2:A508, 0))} -> 24IRD020 | M17: IRD302 | N17: {=INDEX(z_3_Materias!D2:D508, MATCH(H17, z_3_Materias!A2:A508, 0))} -> 7 | T17: =H17&" "&M17 -> Programación Orientada a Objetos_ IRD302
L18: {=INDEX(z_3_Materias!B2:B508, MATCH(H18, z_3_Materias!A2:A508, 0))} -> 0 | N18: {=INDEX(z_3_Materias!D2:D508, MATCH(H18, z_3_Materias!A2:A508, 0))} -> 0 | T18: =H18&" "&M18
L19: {=INDEX(z_3_Materias!B2:B508, MATCH(H19, z_3_Materias!A2:A508, 0))} -> 0 | N19: {=INDEX(z_3_Materias!D2:D508, MATCH(H19, z_3_Materias!A2:A508, 0))} -> 0 | T19: =H19&" "&M19
L20: {=INDEX(z_3_Materias!B2:B508, MATCH(H20, z_3_Materias!A2:A508, 0))} -> 0 | N20: {=INDEX(z_3_Materias!D2:D508, MATCH(H20, z_3_Materias!A2:A508, 0))} -> 0 | T20: =H20&" "&M20
L21: {=INDEX(z_3_Materias!B2:B508, MATCH(H21, z_3_Materias!A2:A508, 0))} -> 0 | N21: {=INDEX(z_3_Materias!D2:D508, MATCH(H21, z_3_Materias!A2:A508, 0))} -> 0 | T21: =H21&" "&M21
L22: {=INDEX(z_3_Materias!B2:B508, MATCH(H22, z_3_Materias!A2:A508, 0))} -> 0 | N22: {=INDEX(z_3_Materias!D2:D508, MATCH(H22, z_3_Materias!A2:A508, 0))} -> 0 | T22: =H22&" "&M22
L23: {=INDEX(z_3_Materias!B2:B508, MATCH(H23, z_3_Materias!A2:A508, 0))} -> 0 | N23: {=INDEX(z_3_Materias!D2:D508, MATCH(H23, z_3_Materias!A2:A508, 0))} -> 0 | T23: =H23&" "&M23
B25: HORARIO SEMANAL*11)
B26: DISTRIBUCIÓN DE HORAS | H26: LUNES | J26: MARTES | L26: MIERCOLES | N26: JUEVES | P26: VIERNES | R26: SÁBADO
B27: 07:00 A 08:00 | H27: Programación Orientada a Objetos_ IRD302 | J27: Programación Orientada a Objetos_ IRD301 | L27: Programación Orientada a Objetos_ IRD302
B28: 08:00 A 09:00 | H28: Programación Orientada a Objetos_ IRD302 | J28: Programación Orientada a Objetos_ IRD301 | L28: Programación Orientada a Objetos_ IRD302
B29: 09:00 A 10:00 | H29: Programación Orientada a Objetos_ IRD301 | J29: Programación Orientada a Objetos_ IRD301 | L29: Programación Orientada a Objetos_ IRD302 | N29: Programación Orientada a Objetos_ IRD302 | P29: Programación Orientada a Objetos_ IRD301
B30: 10:00 A 11:00 | H30: Programación Orientada a Objetos_ IRD301 | N30: Programación Orientada a Objetos_ IRD302 | P30: Programación Orientada a Objetos_ IRD301
B31: 11:00 A 12:00 | H31: Procesamiento de Datos* CD301 | N31: Procesamiento de Datos* CD301 | P31: Procesamiento de Datos* CD301
B32: 12:00 A 13:00 | H32: Procesamiento de Datos* CD301 | N32: Procesamiento de Datos* CD301 | P32: Procesamiento de Datos* CD301
B33: 13:00 A 14:00
B34: 14:00 A 15:00
B35: 15:00 A 16:00
B36: 16:00 A 17:00
B37: 17:00 A 18:00
B38: 18:00 A 19:00
B39: 19:00 A 20:00
B40: 20:00 A 21:00
B41: 21:00 A 22:00
C46: MTRO. OLIVER RAÚL VELÁZQUEZ TORRES | N46: =B10 -> LIMA ARRONA FERNANDO
C47: NOMBRE Y FIRMA DEL DIRECTOR ACADÉMICO | N47: NOMBRE Y FIRMA DE LA PROFESORA O PROFESOR

Sheet MALDONADO GUERRERO ALHAN GERARD
B1: UNIVERSIDAD TECNOLÓGICA FIDEL VELÁZQUEZ
B2: SECRETARÍA ACADÉMICA
B3: CARGA HORARIA PROFESOR DE ASIGNATURA
I5: NOMBRE DE LA DIVISIÓN: TELEMÁTICA
I6: PERIODO CUATRIMESTRAL: (MAYO - AGOSTO 2025) 2025-2
I7: VIGENCIA APARTIR DE: 01/05/2025 AL 30/08/2025
B10: MALDONADO GUERRERO ALHAN GERARD | N10: MAESTRÍA
B11: NOMBRE DE LA PROFESORA O PROFESOR | N11: PROFESIÓN Y GRADO MÁXIMO DE ESTUDIOS
B13: DISTRIBUCIÓN DE HORAS AL CUATRIMESTRE
B14: DOCENCIA | D14: FRENTE A GRUPO | H14: ASIGNATURA | L14: CLAVE | M14: GRUPO | N14: HORAS/SEMANA/MES | R14: HORAS TOTALES POR SEMANA**
L15: {=INDEX(z_3_Materias!B2:B508, MATCH(H15, z_3_Materias!A2:A508, 0))} -> 0 | N15: {=INDEX(z_3_Materias!D2:D508, MATCH(H15, z_3_Materias!A2:A508, 0))} -> 0 | R15: =SUM(N15:Q23) -> 0 | T15: =H15&" "&M15
L16: {=INDEX(z_3_Materias!B2:B508, MATCH(H16, z_3_Materias!A2:A508, 0))} -> 0 | N16: {=INDEX(z_3_Materias!D2:D508, MATCH(H16, z_3_Materias!A2:A508, 0))} -> 0 | T16: =H16&" "&M16
L17: {=INDEX(z_3_Materias!B2:B508, MATCH(H17, z_3_Materias!A2:A508, 0))} -> 0 | N17: {=INDEX(z_3_Materias!D2:D508, MATCH(H17, z_3_Materias!A2:A508, 0))} -> 0 | T17: =H17&" "&M17
L18: {=INDEX(z_3_Materias!B2:B508, MATCH(H18, z_3_Materias!A2:A508, 0))} -> 0 | N18: {=INDEX(z_3_Materias!D2:D508, MATCH(H18, z_3_Materias!A2:A508, 0))} -> 0 | T18: =H18&" "&M18
L19: {=INDEX(z_3_Materias!B2:B508, MATCH(H19, z_3_Materias!A2:A508, 0))} -> 0 | N19: {=INDEX(z_3_Materias!D2:D508, MATCH(H19, z_3_Materias!A2:A508, 0))} -> 0 | T19: =H19&" "&M19
L20: {=INDEX(z_3_Materias!B2:B508, MATCH(H20, z_3_Materias!A2:A508, 0))} -> 0 | N20: {=INDEX(z_3_Materias!D2:D508, MATCH(H20, z_3_Materias!A2:A508, 0))} -> 0 | T20: =H20&" "&M20
L21: {=INDEX(z_3_Materias!B2:B508, MATCH(H21, z_3_Materias!A2:A508, 0))} -> 0 | N21: {=INDEX(z_3_Materias!D2:D508, MATCH(H21, z_3_Materias!A2:A508, 0))} -> 0 | T21: =H21&" "&M21
L22: {=INDEX(z_3_Materias!B2:B508, MATCH(H22, z_3_Materias!A2:A508, 0))} -> 0 | N22: {=INDEX(z_3_Materias!D2:D508, MATCH(H22, z_3_Materias!A2:A508, 0))} -> 0 | T22: =H22&" "&M22
L23: {=INDEX(z_3_Materias!B2:B508, MATCH(H23, z_3_Materias!A2:A508, 0))} -> 0 | N23: {=INDEX(z_3_Materias!D2:D508, MATCH(H23, z_3_Materias!A2:A508, 0))} -> 0 | T23: =H23&" "&M23
B25: HORARIO SEMANAL*11)
B26: DISTRIBUCIÓN DE HORAS | H26: LUNES | J26: MARTES | L26: MIERCOLES | N26: JUEVES | P26: VIERNES | R26: SÁBADO
B27: 07:00 A 08:00
B28: 08:00 A 09:00
B29: 09:00 A 10:00
B30: 10:00 A 11:00
B31: 11:00 A 12:00
B32: 12:00 A 13:00
B33: 13:00 A 14:00
B34: 14:00 A 15:00
B35: 15:00 A 16:00
B36: 16:00 A 17:00
B37: 17:00 A 18:00
B38: 18:00 A 19:00
... B41: 21:00 A 22:00
C46: MTRO. OLIVER RAÚL VELÁZQUEZ TORRES | N46: =B10 -> MALDONADO GUERRERO ALHAN GERARD
C47: NOMBRE Y FIRMA DEL DIRECTOR ACADÉMICO | N47: NOMBRE Y FIRMA DE LA PROFESORA O PROFESOR

Sheet MARTINEZ VEGA FERMIN
B1: UNIVERSIDAD TECNOLÓGICA FIDEL VELÁZQUEZ
B2: SECRETARÍA ACADÉMICA
B3: CARGA HORARIA PROFESOR DE ASIGNATURA
I5: NOMBRE DE LA DIVISIÓN: TELEMÁTICA
I6: PERIODO CUATRIMESTRAL: (MAYO - AGOSTO 2025) 2025-2
I7: VIGENCIA APARTIR DE: 01/05/2025 AL 30/08/2025
B10: MARTINEZ VEGA FERMIN | N10: MAESTRÍA
B11: NOMBRE DE LA PROFESORA O PROFESOR | N11: PROFESIÓN Y GRADO MÁXIMO DE ESTUDIOS
B13: DISTRIBUCIÓN DE HORAS AL CUATRIMESTRE
B14: DOCENCIA | D14: FRENTE A GRUPO | H14: ASIGNATURA | L14: CLAVE | M14: GRUPO | N14: HORAS/SEMANA/MES | R14: HORAS TOTALES POR SEMANA**
L15: {=INDEX(z_3_Materias!B2:B508, MATCH(H15, z_3_Materias!A2:A508, 0))} -> 0 | N15: {=INDEX(z_3_Materias!D2:D508, MATCH(H15, z_3_Materias!A2:A508, 0))} -> 0 | R15: =SUM(N15:Q23) -> 0 | T15: =H15&" "&M15
L16: {=INDEX(z_3_Materias!B2:B508, MATCH(H16, z_3_Materias!A2:A508, 0))} -> 0 | N16: {=INDEX(z_3_Materias!D2:D508, MATCH(H16, z_3_Materias!A2:A508, 0))} -> 0 | T16: =H16&" "&M16
L17: {=INDEX(z_3_Materias!B2:B508, MATCH(H17, z_3_Materias!A2:A508, 0))} -> 0 | N17: {=INDEX(z_3_Materias!D2:D508, MATCH(H17, z_3_Materias!A2:A508, 0))} -> 0 | T17: =H17&" "&M17
L18: {=INDEX(z_3_Materias!B2:B508, MATCH(H18, z_3_Materias!A2:A508, 0))} -> 0 | N18: {=INDEX(z_3_Materias!D2:D508, MATCH(H18, z_3_Materias!A2:A508, 0))} -> 0 | T18: =H18&" "&M18
L19: {=INDEX(z_3_Materias!B2:B508, MATCH(H19, z_3_Materias!A2:A508, 0))} -> 0 | N19: {=INDEX(z_3_Materias!D2:D508, MATCH(H19, z_3_Materias!A2:A508, 0))} -> 0 | T19: =H19&" "&M19
L20: {=INDEX(z_3_Materias!B2:B508, MATCH(H20, z_3_Materias!A2:A508, 0))} -> 0 | N20: {=INDEX(z_3_Materias!D2:D508, MATCH(H20, z_3_Materias!A2:A508, 0))} -> 0 | T20: =H20&" "&M20
L21: {=INDEX(z_3_Materias!B2:B508, MATCH(H21, z_3_Materias!A2:A508, 0))} -> 0 | N21: {=INDEX(z_3_Materias!D2:D508, MATCH(H21, z_3_Materias!A2:A508, 0))} -> 0 | T21: =H21&" "&M21
L22: {=INDEX(z_3_Materias!B2:B508, MATCH(H22, z_3_Materias!A2:A508, 0))} -> 0 | N22: {=INDEX(z_3_Materias!D2:D508, MATCH(H22, z_3_Materias!A2:A508, 0))} -> 0 | T22: =H22&" "&M22
L23: {=INDEX(z_3_Materias!B2:B508, MATCH(H23, z_3_Materias!A2:A508, 0))} -> 0 | N23: {=INDEX(z_3_Materias!D2:D508, MATCH(H23, z_3_Materias!A2:A508, 0))} -> 0 | T23: =H23&" "&M23
B25: HORARIO SEMANAL*11)
B26: DISTRIBUCIÓN DE HORAS | H26: LUNES | J26: MARTES | L26: MIERCOLES | N26: JUEVES | P26: VIERNES | R26: SÁBADO
B27: 07:00 A 08:00
B28: 08:00 A 09:00
B29: 09:00 A 10:00
B30: 10:00 A 11:00
B31: 11:00 A 12:00
B32: 12:00 A 13:00
B33: 13:00 A 14:00
B34: 14:00 A 15:00
B35: 15:00 A 16:00
B36: 16:00 A 17:00
B37: 17:00 A 18:00
B38: 18:00 A 19:00
... B41: 21:00 A 22:00
C46: MTRO. OLIVER RAÚL VELÁZQUEZ TORRES | N46: =B10 -> MARTINEZ VEGA FERMIN
C47: NOMBRE Y FIRMA DEL DIRECTOR ACADÉMICO | N47: NOMBRE Y FIRMA DE LA PROFESORA O PROFESOR

Sheet MENDOZA CALVA HECTOR RAUL
B1: UNIVERSIDAD TECNOLÓGICA FIDEL VELÁZQUEZ
B2: SECRETARÍA ACADÉMICA
B3: CARGA HORARIA PROFESOR DE ASIGNATURA
I5: NOMBRE DE LA DIVISIÓN: TELEMÁTICA
I6: PERIODO CUATRIMESTRAL: (MAYO - AGOSTO 2025) 2025-2
I7: VIGENCIA APARTIR DE: 01/05/2025 AL 30/08/2025
B10: MENDOZA CALVA HECTOR RAUL | N10: MAESTRÍA
B11: NOMBRE DE LA PROFESORA O PROFESOR | N11: PROFESIÓN Y GRADO MÁXIMO DE ESTUDIOS
B13: DISTRIBUCIÓN DE HORAS AL CUATRIMESTRE
B14: DOCENCIA | D14: FRENTE A GRUPO | H14: ASIGNATURA | L14: CLAVE | M14: GRUPO | N14: HORAS/SEMANA/MES | R14: HORAS TOTALES POR SEMANA**
L15: {=INDEX(z_3_Materias!B2:B508, MATCH(H15, z_3_Materias!A2:A508, 0))} -> 0 | N15: {=INDEX(z_3_Materias!D2:D508, MATCH(H15, z_3_Materias!A2:A508, 0))} -> 0 | R15: =SUM(N15:Q23) -> 0 | T15: =H15&" "&M15
L16: {=INDEX(z_3_Materias!B2:B508, MATCH(H16, z_3_Materias!A2:A508, 0))} -> 0 | N16: {=INDEX(z_3_Materias!D2:D508, MATCH(H16, z_3_Materias!A2:A508, 0))} -> 0 | T16: =H16&" "&M16
L17: {=INDEX(z_3_Materias!B2:B508, MATCH(H17, z_3_Materias!A2:A508, 0))} -> 0 | N17: {=INDEX(z_3_Materias!D2:D508, MATCH(H17, z_3_Materias!A2:A508, 0))} -> 0 | T17: =H17&" "&M17
L18: {=INDEX(z_3_Materias!B2:B508, MATCH(H18, z_3_Materias!A2:A508, 0))} -> 0 | T18: =H18&" "&M18
L19: {=INDEX(z_3_Materias!B2:B508, MATCH(H19, z_3_Materias!A2:A508, 0))} -> 0 | N19: {=INDEX(z_3_Materias!D2:D508, MATCH(H19, z_3_Materias!A2:A508, 0))} -> 0 | T19: =H19&" "&M19
L20: {=INDEX(z_3_Materias!B2:B508, MATCH(H20, z_3_Materias!A2:A508, 0))} -> 0 | N20: {=INDEX(z_3_Materias!D2:D508, MATCH(H20, z_3_Materias!A2:A508, 0))} -> 0 | T20: =H20&" "&M20
L21: {=INDEX(z_3_Materias!B2:B508, MATCH(H21, z_3_Materias!A2:A508, 0))} -> 0 | N21: {=INDEX(z_3_Materias!D2:D508, MATCH(H21, z_3_Materias!A2:A508, 0))} -> 0 | T21: =H21&" "&M21
L22: {=INDEX(z_3_Materias!B2:B508, MATCH(H22, z_3_Materias!A2:A508, 0))} -> 0 | N22: {=INDEX(z_3_Materias!D2:D508, MATCH(H22, z_3_Materias!A2:A508, 0))} -> 0 | T22: =H22&" "&M22
L23: {=INDEX(z_3_Materias!B2:B508, MATCH(H23, z_3_Materias!A2:A508, 0))} -> 0 | N23: {=INDEX(z_3_Materias!D2:D508, MATCH(H23, z_3_Materias!A2:A508, 0))} -> 0 | T23: =H23&" "&M23
B25: HORARIO SEMANAL*11)
B26: DISTRIBUCIÓN DE HORAS | H26: LUNES | J26: MARTES | L26: MIERCOLES | N26: JUEVES | P26: VIERNES | R26: SÁBADO
B27: 07:00 A 08:00
B28: 08:00 A 09:00
B29: 09:00 A 10:00
B30: 10:00 A 11:00
B31: 11:00 A 12:00
B32: 12:00 A 13:00
B33: 13:00 A 14:00
B34: 14:00 A 15:00
B35: 15:00 A 16:00
B36: 16:00 A 17:00
B37: 17:00 A 18:00
B38: 18:00 A 19:00
... B41: 21:00 A 22:00
C46: MTRO. OLIVER RAÚL VELÁZQUEZ TORRES | N46: =B10 -> MENDOZA CALVA HECTOR RAUL
C47: NOMBRE Y FIRMA DEL DIRECTOR ACADÉMICO | N47: NOMBRE Y FIRMA DE LA PROFESORA O PROFESOR

Sheet MONROY TREJO ALEJANDRO
B1: UNIVERSIDAD TECNOLÓGICA FIDEL VELÁZQUEZ
B2: SECRETARÍA ACADÉMICA
B3: CARGA HORARIA PROFESOR DE ASIGNATURA
I5: NOMBRE DE LA DIVISIÓN: TELEMÁTICA
I6: PERIODO CUATRIMESTRAL: (MAYO - AGOSTO 2025) 2025-2
I7: VIGENCIA APARTIR DE: 01/05/2025 AL 30/08/2025
B10: MONROY TREJO ALEJANDRO | N10: MAESTRÍA
B11: NOMBRE DE LA PROFESORA O PROFESOR | N11: PROFESIÓN Y GRADO MÁXIMO DE ESTUDIOS
B13: DISTRIBUCIÓN DE HORAS AL CUATRIMESTRE
B14: DOCENCIA | D14: FRENTE A GRUPO | H14: ASIGNATURA | L14: CLAVE | M14: GRUPO | N14: HORAS/SEMANA/MES | R14: HORAS TOTALES POR SEMANA**
L15: {=INDEX(z_3_Materias!B2:B508, MATCH(H15, z_3_Materias!A2:A508, 0))} -> 0 | N15: {=INDEX(z_3_Materias!D2:D508, MATCH(H15, z_3_Materias!A2:A508, 0))} -> 0 | R15: =SUM(N15:Q23) -> 0 | T15: =H15&" "&M15
L16: {=INDEX(z_3_Materias!B2:B508, MATCH(H16, z_3_Materias!A2:A508, 0))} -> 0 | N16: {=INDEX(z_3_Materias!D2:D508, MATCH(H16, z_3_Materias!A2:A508, 0))} -> 0 | T16: =H16&" "&M16
L17: {=INDEX(z_3_Materias!B2:B508, MATCH(H17, z_3_Materias!A2:A508, 0))} -> 0 | N17: {=INDEX(z_3_Materias!D2:D508, MATCH(H17, z_3_Materias!A2:A508, 0))} -> 0 | T17: =H17&" "&M17
L18: {=INDEX(z_3_Materias!B2:B508, MATCH(H18, z_3_Materias!A2:A508, 0))} -> 0 | N18: {=INDEX(z_3_Materias!D2:D508, MATCH(H18, z_3_Materias!A2:A508, 0))} -> 0 | T18: =H18&" "&M18
L19: {=INDEX(z_3_Materias!B2:B508, MATCH(H19, z_3_Materias!A2:A508, 0))} -> 0 | T19: =H19&" "&M19
L20: {=INDEX(z_3_Materias!B2:B508, MATCH(H20, z_3_Materias!A2:A508, 0))} -> 0 | N20: {=INDEX(z_3_Materias!D2:D508, MATCH(H20, z_3_Materias!A2:A508, 0))} -> 0 | T20: =H20&" "&M20
L21: {=INDEX(z_3_Materias!B2:B508, MATCH(H21, z_3_Materias!A2:A508, 0))} -> 0 | N21: {=INDEX(z_3_Materias!D2:D508, MATCH(H21, z_3_Materias!A2:A508, 0))} -> 0 | T21: =H21&" "&M21
L22: {=INDEX(z_3_Materias!B2:B508, MATCH(H22, z_3_Materias!A2:A508, 0))} -> 0 | N22: {=INDEX(z_3_Materias!D2:D508, MATCH(H22, z_3_Materias!A2:A508, 0))} -> 0 | T22: =H22&" "&M22
L23: {=INDEX(z_3_Materias!B2:B508, MATCH(H23, z_3_Materias!A2:A508, 0))} -> 0 | N23: {=INDEX(z_3_Materias!D2:D508, MATCH(H23, z_3_Materias!A2:A508, 0))} -> 0 | T23: =H23&" "&M23
B25: HORARIO SEMANAL*11)
B26: DISTRIBUCIÓN DE HORAS | H26: LUNES | J26: MARTES | L26: MIERCOLES | N26: JUEVES | P26: VIERNES | R26: SÁBADO
B27: 07:00 A 08:00
B28: 08:00 A 09:00
B29: 09:00 A 10:00
B30: 10:00 A 11:00
B31: 11:00 A 12:00
B32: 12:00 A 13:00
B33: 13:00 A 14:00
B34: 14:00 A 15:00
B35: 15:00 A 16:00
B36: 16:00 A 17:00
B37: 17:00 A 18:00
B38: 18:00 A 19:00
... B41: 21:00 A 22:00
C46: MTRO. OLIVER RAÚL VELÁZQUEZ TORRES | N46: =B10 -> MONROY TREJO ALEJANDRO
C47: NOMBRE Y FIRMA DEL DIRECTOR ACADÉMICO | N47: NOMBRE Y FIRMA DE LA PROFESORA O PROFESOR
C50: MTRO. OSCAR ARMANDO BAEZA HUICOCHEA
C51: NOMBRE Y FIRMA DEL DIRECTOR ACADÉMICO

Sheet MURGUIA GONZALEZ CYNTHIA BEATRI
B1: UNIVERSIDAD TECNOLÓGICA FIDEL VELÁZQUEZ
B2: SECRETARÍA ACADÉMICA
B3: CARGA HORARIA PROFESOR DE ASIGNATURA
I5: NOMBRE DE LA DIVISIÓN: TELEMÁTICA
I6: PERIODO CUATRIMESTRAL: (MAYO - AGOSTO 2025) 2025-2
I7: VIGENCIA APARTIR DE: 01/05/2025 AL 30/08/2025
B10: MURGUIA GONZALEZ CYNTHIA BEATRIZ | N10: MAESTRÍA
B11: NOMBRE DE LA PROFESORA O PROFESOR | N11: PROFESIÓN Y GRADO MÁXIMO DE ESTUDIOS
B13: DISTRIBUCIÓN DE HORAS AL CUATRIMESTRE
B14: DOCENCIA | D14: FRENTE A GRUPO | H14: ASIGNATURA | L14: CLAVE | M14: GRUPO | N14: HORAS/SEMANA/MES | R14: HORAS TOTALES POR SEMANA**
L15: {=INDEX(z_3_Materias!B2:B508, MATCH(H15, z_3_Materias!A2:A508, 0))} -> 0 | N15: {=INDEX(z_3_Materias!D2:D508, MATCH(H15, z_3_Materias!A2:A508, 0))} -> 0 | R15: =SUM(N15:Q23) -> 0 | T15: =H15&" "&M15
L16: {=INDEX(z_3_Materias!B2:B508, MATCH(H16, z_3_Materias!A2:A508, 0))} -> 0 | N16: {=INDEX(z_3_Materias!D2:D508, MATCH(H16, z_3_Materias!A2:A508, 0))} -> 0 | T16: =H16&" "&M16
L17: {=INDEX(z_3_Materias!B2:B508, MATCH(H17, z_3_Materias!A2:A508, 0))} -> 0 | N17: {=INDEX(z_3_Materias!D2:D508, MATCH(H17, z_3_Materias!A2:A508, 0))} -> 0 | T17: =H17&" "&M17
L18: {=INDEX(z_3_Materias!B2:B508, MATCH(H18, z_3_Materias!A2:A508, 0))} -> 0 | N18: {=INDEX(z_3_Materias!D2:D508, MATCH(H18, z_3_Materias!A2:A508, 0))} -> 0 | T18: =H18&" "&M18
L19: {=INDEX(z_3_Materias!B2:B508, MATCH(H19, z_3_Materias!A2:A508, 0))} -> 0 | N19: {=INDEX(z_3_Materias!D2:D508, MATCH(H19, z_3_Materias!A2:A508, 0))} -> 0 | T19: =H19&" "&M19
L20: {=INDEX(z_3_Materias!B2:B508, MATCH(H20, z_3_Materias!A2:A508, 0))} -> 0 | N20: {=INDEX(z_3_Materias!D2:D508, MATCH(H20, z_3_Materias!A2:A508, 0))} -> 0 | T20: =H20&" "&M20
L21: {=INDEX(z_3_Materias!B2:B508, MATCH(H21, z_3_Materias!A2:A508, 0))} -> 0 | N21: {=INDEX(z_3_Materias!D2:D508, MATCH(H21, z_3_Materias!A2:A508, 0))} -> 0 | T21: =H21&" "&M21
L22: {=INDEX(z_3_Materias!B2:B508, MATCH(H22, z_3_Materias!A2:A508, 0))} -> 0 | N22: {=INDEX(z_3_Materias!D2:D508, MATCH(H22, z_3_Materias!A2:A508, 0))} -> 0 | T22: =H22&" "&M22
L23: {=INDEX(z_3_Materias!B2:B508, MATCH(H23, z_3_Materias!A2:A508, 0))} -> 0 | N23: {=INDEX(z_3_Materias!D2:D508, MATCH(H23, z_3_Materias!A2:A508, 0))} -> 0 | T23: =H23&" "&M23
B25: HORARIO SEMANAL*11)
B26: DISTRIBUCIÓN DE HORAS | H26: LUNES | J26: MARTES | L26: MIERCOLES | N26: JUEVES | P26: VIERNES | R26: SÁBADO
B27: 07:00 A 08:00
B28: 08:00 A 09:00
B29: 09:00 A 10:00
B30: 10:00 A 11:00
B31: 11:00 A 12:00
B32: 12:00 A 13:00
B33: 13:00 A 14:00
B34: 14:00 A 15:00
B35: 15:00 A 16:00
B36: 16:00 A 17:00
B37: 17:00 A 18:00
B38: 18:00 A 19:00
... B41: 21:00 A 22:00
C46: MTRO. OLIVER RAÚL VELÁZQUEZ TORRES | N46: =B10 -> MURGUIA GONZALEZ CYNTHIA BEATRIZ
C47: NOMBRE Y FIRMA DEL DIRECTOR ACADÉMICO | N47: NOMBRE Y FIRMA DE LA PROFESORA O PROFESOR

Sheet OLMOS OLALDE VICTOR HUGO
B1: UNIVERSIDAD TECNOLÓGICA FIDEL VELÁZQUEZ
B2: SECRETARÍA ACADÉMICA
B3: CARGA HORARIA PROFESOR DE ASIGNATURA
I5: NOMBRE DE LA DIVISIÓN: TELEMÁTICA
I6: PERIODO CUATRIMESTRAL: (MAYO - AGOSTO 2025) 2025-2
I7: VIGENCIA APARTIR DE: 01/05/2025 AL 30/08/2025
B10: OLMOS OLALDE VICTOR HUGO | N10: MAESTRÍA
B11: NOMBRE DE LA PROFESORA O PROFESOR | N11: PROFESIÓN Y GRADO MÁXIMO DE ESTUDIOS
B13: DISTRIBUCIÓN DE HORAS AL CUATRIMESTRE
B14: DOCENCIA | D14: FRENTE A GRUPO | H14: ASIGNATURA | L14: CLAVE | M14: GRUPO | N14: HORAS/SEMANA/MES | R14: HORAS TOTALES POR SEMANA**
H15: Desarrollo del Pensamiento y Toma de Decisiones* | L15: {=INDEX(z_3_Materias!B2:B508, MATCH(H15, z_3_Materias!A2:A508, 0))} -> 24CD016 | M15: CD301 | N15: {=INDEX(z_3_Materias!D2:D508, MATCH(H15, z_3_Materias!A2:A508, 0))} -> 4 | R15: =SUM(N15:Q23) -> 12 | T15: =H15&" "&M15 -> Desarrollo del Pensamiento y Toma de Decisiones* CD301
H16: Desarrollo del Pensamiento y Toma de Decisiones_ | L16: {=INDEX(z_3_Materias!B2:B508, MATCH(H16, z_3_Materias!A2:A508, 0))} -> 24IRD016 | M16: IRD301 | N16: {=INDEX(z_3_Materias!D2:D508, MATCH(H16, z_3_Materias!A2:A508, 0))} -> 4 | T16: =H16&" "&M16 -> Desarrollo del Pensamiento y Toma de Decisiones_ IRD301
H17: Desarrollo del Pensamiento y Toma de Decisiones_ | L17: {=INDEX(z_3_Materias!B2:B508, MATCH(H17, z_3_Materias!A2:A508, 0))} -> 24IRD016 | M17: IRD302 | N17: {=INDEX(z_3_Materias!D2:D508, MATCH(H17, z_3_Materias!A2:A508, 0))} -> 4 | T17: =H17&" "&M17 -> Desarrollo del Pensamiento y Toma de Decisiones_ IRD302
L18: {=INDEX(z_3_Materias!B2:B508, MATCH(H18, z_3_Materias!A2:A508, 0))} -> 0 | N18: {=INDEX(z_3_Materias!D2:D508, MATCH(H18, z_3_Materias!A2:A508, 0))} -> 0 | T18: =H18&" "&M18
L19: {=INDEX(z_3_Materias!B2:B508, MATCH(H19, z_3_Materias!A2:A508, 0))} -> 0 | N19: {=INDEX(z_3_Materias!D2:D508, MATCH(H19, z_3_Materias!A2:A508, 0))} -> 0 | T19: =H19&" "&M19
L20: {=INDEX(z_3_Materias!B2:B508, MATCH(H20, z_3_Materias!A2:A508, 0))} -> 0 | N20: {=INDEX(z_3_Materias!D2:D508, MATCH(H20, z_3_Materias!A2:A508, 0))} -> 0 | T20: =H20&" "&M20
L21: {=INDEX(z_3_Materias!B2:B508, MATCH(H21, z_3_Materias!A2:A508, 0))} -> 0 | N21: {=INDEX(z_3_Materias!D2:D508, MATCH(H21, z_3_Materias!A2:A508, 0))} -> 0 | T21: =H21&" "&M21
L22: {=INDEX(z_3_Materias!B2:B508, MATCH(H22, z_3_Materias!A2:A508, 0))} -> 0 | N22: {=INDEX(z_3_Materias!D2:D508, MATCH(H22, z_3_Materias!A2:A508, 0))} -> 0 | T22: =H22&" "&M22
L23: {=INDEX(z_3_Materias!B2:B508, MATCH(H23, z_3_Materias!A2:A508, 0))} -> 0 | N23: {=INDEX(z_3_Materias!D2:D508, MATCH(H23, z_3_Materias!A2:A508, 0))} -> 0 | T23: =H23&" "&M23
B25: HORARIO SEMANAL*11)
B26: DISTRIBUCIÓN DE HORAS | H26: LUNES | J26: MARTES | L26: MIERCOLES | N26: JUEVES | P26: VIERNES | R26: SÁBADO
B27: 07:00 A 08:00 | H27: Desarrollo del Pensamiento y Toma de Decisiones_ IRD301 | J27: Desarrollo del Pensamiento y Toma de Decisiones_ IRD302 | L27: Desarrollo del Pensamiento y Toma de Decisiones_ IRD301 | N27: Desarrollo del Pensamiento y Toma de Decisiones_ IRD302
B28: 08:00 A 09:00 | H28: Desarrollo del Pensamiento y Toma de Decisiones_ IRD301 | J28: Desarrollo del Pensamiento y Toma de Decisiones_ IRD302 | L28: Desarrollo del Pensamiento y Toma de Decisiones_ IRD301 | N28: Desarrollo del Pensamiento y Toma de Decisiones_ IRD302
B29: 09:00 A 10:00 | H29: Desarrollo del Pensamiento y Toma de Decisiones* CD301 | J29: Desarrollo del Pensamiento y Toma de Decisiones* CD301 | L29: Desarrollo del Pensamiento y Toma de Decisiones* CD301 | N29: Desarrollo del Pensamiento y Toma de Decisiones* CD301
B30: 10:00 A 11:00
B31: 11:00 A 12:00
B32: 12:00 A 13:00
B33: 13:00 A 14:00
B34: 14:00 A 15:00
B35: 15:00 A 16:00
B36: 16:00 A 17:00
B37: 17:00 A 18:00
B38: 18:00 A 19:00
B39: 19:00 A 20:00
B40: 20:00 A 21:00
B41: 21:00 A 22:00
C46: MTRO. OLIVER RAÚL VELÁZQUEZ TORRES | N46: =B10 -> OLMOS OLALDE VICTOR HUGO
C47: NOMBRE Y FIRMA DEL DIRECTOR ACADÉMICO | N47: NOMBRE Y FIRMA DE LA PROFESORA O PROFESOR

Sheet ORDOÑEZ MORALES LUIS MARTIN
B1: UNIVERSIDAD TECNOLÓGICA FIDEL VELÁZQUEZ
B2: SECRETARÍA ACADÉMICA
B3: CARGA HORARIA PROFESOR DE ASIGNATURA
I5: NOMBRE DE LA DIVISIÓN: TELEMÁTICA
I6: PERIODO CUATRIMESTRAL: (MAYO - AGOSTO 2025) 2025-2
I7: VIGENCIA APARTIR DE: 01/05/2025 AL 30/08/2025
B10: ORDOÑEZ MORALES LUIS MARTIN | N10: MAESTRÍA
B11: NOMBRE DE LA PROFESORA O PROFESOR | N11: PROFESIÓN Y GRADO MÁXIMO DE ESTUDIOS
B13: DISTRIBUCIÓN DE HORAS AL CUATRIMESTRE
B14: DOCENCIA | D14: FRENTE A GRUPO | H14: ASIGNATURA | L14: CLAVE | M14: GRUPO | N14: HORAS/SEMANA/MES | R14: HORAS TOTALES POR SEMANA**
L15: {=INDEX(z_3_Materias!B2:B508, MATCH(H15, z_3_Materias!A2:A508, 0))} -> 0 | N15: {=INDEX(z_3_Materias!D2:D508, MATCH(H15, z_3_Materias!A2:A508, 0))} -> 0 | R15: =SUM(N15:Q23) -> 0 | T15: =H15&" "&M15
L16: {=INDEX(z_3_Materias!B2:B508, MATCH(H16, z_3_Materias!A2:A508, 0))} -> 0 | N16: {=INDEX(z_3_Materias!D2:D508, MATCH(H16, z_3_Materias!A2:A508, 0))} -> 0 | T16: =H16&" "&M16
L17: {=INDEX(z_3_Materias!B2:B508, MATCH(H17, z_3_Materias!A2:A508, 0))} -> 0 | N17: {=INDEX(z_3_Materias!D2:D508, MATCH(H17, z_3_Materias!A2:A508, 0))} -> 0 | T17: =H17&" "&M17
L18: {=INDEX(z_3_Materias!B2:B508, MATCH(H18, z_3_Materias!A2:A508, 0))} -> 0 | N18: {=INDEX(z_3_Materias!D2:D508, MATCH(H18, z_3_Materias!A2:A508, 0))} -> 0 | T18: =H18&" "&M18
L19: {=INDEX(z_3_Materias!B2:B508, MATCH(H19, z_3_Materias!A2:A508, 0))} -> 0 | N19: {=INDEX(z_3_Materias!D2:D508, MATCH(H19, z_3_Materias!A2:A508, 0))} -> 0 | T19: =H19&" "&M19
L20: {=INDEX(z_3_Materias!B2:B508, MATCH(H20, z_3_Materias!A2:A508, 0))} -> 0 | N20: {=INDEX(z_3_Materias!D2:D508, MATCH(H20, z_3_Materias!A2:A508, 0))} -> 0 | T20: =H20&" "&M20
L21: {=INDEX(z_3_Materias!B2:B508, MATCH(H21, z_3_Materias!A2:A508, 0))} -> 0 | N21: {=INDEX(z_3_Materias!D2:D508, MATCH(H21, z_3_Materias!A2:A508, 0))} -> 0 | T21: =H21&" "&M21
L22: {=INDEX(z_3_Materias!B2:B508, MATCH(H22, z_3_Materias!A2:A508, 0))} -> 0 | N22: {=INDEX(z_3_Materias!D2:D508, MATCH(H22, z_3_Materias!A2:A508, 0))} -> 0 | T22: =H22&" "&M22
L23: {=INDEX(z_3_Materias!B2:B508, MATCH(H23, z_3_Materias!A2:A508, 0))} -> 0 | N23: {=INDEX(z_3_Materias!D2:D508, MATCH(H23, z_3_Materias!A2:A508, 0))} -> 0 | T23: =H23&" "&M23
B25: HORARIO SEMANAL*11)
B26: DISTRIBUCIÓN DE HORAS | H26: LUNES | J26: MARTES | L26: MIERCOLES | N26: JUEVES | P26: VIERNES | R26: SÁBADO
B27: 07:00 A 08:00
B28: 08:00 A 09:00
B29: 09:00 A 10:00
B30: 10:00 A 11:00
B31: 11:00 A 12:00
B32: 12:00 A 13:00
B33: 13:00 A 14:00
B34: 14:00 A 15:00
B35: 15:00 A 16:00
B36: 16:00 A 17:00
B37: 17:00 A 18:00
B38: 18:00 A 19:00
... B41: 21:00 A 22:00
C46: MTRO. OLIVER RAÚL VELÁZQUEZ TORRES | N46: =B10 -> ORDOÑEZ MORALES LUIS MARTIN
C47: NOMBRE Y FIRMA DEL DIRECTOR ACADÉMICO | N47: NOMBRE Y FIRMA DE LA PROFESORA O PROFESOR

Sheet PEREZ SANCHEZ RAFAEL
B1: UNIVERSIDAD TECNOLÓGICA FIDEL VELÁZQUEZ
B2: SECRETARÍA ACADÉMICA
B3: CARGA HORARIA PROFESOR DE ASIGNATURA
I5: NOMBRE DE LA DIVISIÓN: TELEMÁTICA
I6: PERIODO CUATRIMESTRAL: (MAYO - AGOSTO 2025) 2025-2
I7: VIGENCIA APARTIR DE: 01/05/2025 AL 30/08/2025
B10: PEREZ SANCHEZ RAFAEL | N10: MAESTRÍA
B11: NOMBRE DE LA PROFESORA O PROFESOR | N11: PROFESIÓN Y GRADO MÁXIMO DE ESTUDIOS
B13: DISTRIBUCIÓN DE HORAS AL CUATRIMESTRE
B14: DOCENCIA | D14: FRENTE A GRUPO | H14: ASIGNATURA | L14: CLAVE | M14: GRUPO | N14: HORAS/SEMANA/MES | R14: HORAS TOTALES POR SEMANA**
L15: {=INDEX(z_3_Materias!B2:B508, MATCH(H15, z_3_Materias!A2:A508, 0))} -> 0 | N15: {=INDEX(z_3_Materias!D2:D508, MATCH(H15, z_3_Materias!A2:A508, 0))} -> 0 | R15: =SUM(N15:Q23) -> 0 | T15: =H15&" "&M15
L16: {=INDEX(z_3_Materias!B2:B508, MATCH(H16, z_3_Materias!A2:A508, 0))} -> 0 | N16: {=INDEX(z_3_Materias!D2:D508, MATCH(H16, z_3_Materias!A2:A508, 0))} -> 0 | T16: =H16&" "&M16
L17: {=INDEX(z_3_Materias!B2:B508, MATCH(H17, z_3_Materias!A2:A508, 0))} -> 0 | N17: {=INDEX(z_3_Materias!D2:D508, MATCH(H17, z_3_Materias!A2:A508, 0))} -> 0 | T17: =H17&" "&M17
L18: {=INDEX(z_3_Materias!B2:B508, MATCH(H18, z_3_Materias!A2:A508, 0))} -> 0 | N18: {=INDEX(z_3_Materias!D2:D508, MATCH(H18, z_3_Materias!A2:A508, 0))} -> 0 | T18: =H18&" "&M18
L19: {=INDEX(z_3_Materias!B2:B508, MATCH(H19, z_3_Materias!A2:A508, 0))} -> 0 | N19: {=INDEX(z_3_Materias!D2:D508, MATCH(H19, z_3_Materias!A2:A508, 0))} -> 0 | T19: =H19&" "&M19
L20: {=INDEX(z_3_Materias!B2:B508, MATCH(H20, z_3_Materias!A2:A508, 0))} -> 0 | N20: {=INDEX(z_3_Materias!D2:D508, MATCH(H20, z_3_Materias!A2:A508, 0))} -> 0 | T20: =H20&" "&M20
L21: {=INDEX(z_3_Materias!B2:B508, MATCH(H21, z_3_Materias!A2:A508, 0))} -> 0 | N21: {=INDEX(z_3_Materias!D2:D508, MATCH(H21, z_3_Materias!A2:A508, 0))} -> 0 | T21: =H21&" "&M21
L22: {=INDEX(z_3_Materias!B2:B508, MATCH(H22, z_3_Materias!A2:A508, 0))} -> 0 | N22: {=INDEX(z_3_Materias!D2:D508, MATCH(H22, z_3_Materias!A2:A508, 0))} -> 0 | T22: =H22&" "&M22
L23: {=INDEX(z_3_Materias!B2:B508, MATCH(H23, z_3_Materias!A2:A508, 0))} -> 0 | N23: {=INDEX(z_3_Materias!D2:D508, MATCH(H23, z_3_Materias!A2:A508, 0))} -> 0 | T23: =H23&" "&M23
B25: HORARIO SEMANAL*11)
B26: DISTRIBUCIÓN DE HORAS | H26: LUNES | J26: MARTES | L26: MIERCOLES | N26: JUEVES | P26: VIERNES | R26: SÁBADO
B27: 07:00 A 08:00
B28: 08:00 A 09:00
B29: 09:00 A 10:00
B30: 10:00 A 11:00
B31: 11:00 A 12:00
B32: 12:00 A 13:00
B33: 13:00 A 14:00
B34: 14:00 A 15:00
B35: 15:00 A 16:00
B36: 16:00 A 17:00
B37: 17:00 A 18:00
B38: 18:00 A 19:00
... B41: 21:00 A 22:00
C46: MTRO. OLIVER RAÚL VELÁZQUEZ TORRES | N46: =B10 -> PEREZ SANCHEZ RAFAEL
C47: NOMBRE Y FIRMA DEL DIRECTOR ACADÉMICO | N47: NOMBRE Y FIRMA DE LA PROFESORA O PROFESOR
C49: MTRO. OSCAR ARMANDO BAEZA HUICOCHEA
C50: NOMBRE Y FIRMA DEL DIRECTOR ACADÉMICO

Sheet RAMOS GAMA JOSELYN KAREN
B1: UNIVERSIDAD TECNOLÓGICA FIDEL VELÁZQUEZ
B2: SECRETARÍA ACADÉMICA
B3: CARGA HORARIA PROFESOR DE ASIGNATURA
I5: NOMBRE DE LA DIVISIÓN: TELEMÁTICA
I6: PERIODO CUATRIMESTRAL: (MAYO - AGOSTO 2025) 2025-2
I7: VIGENCIA APARTIR DE: 01/05/2025 AL 30/08/2025
B10: RAMOS GAMA JOSELYN KAREN | N10: MAESTRÍA
B11: NOMBRE DE LA PROFESORA O PROFESOR | N11: PROFESIÓN Y GRADO MÁXIMO DE ESTUDIOS
B13: DISTRIBUCIÓN DE HORAS AL CUATRIMESTRE
B14: DOCENCIA | D14: FRENTE A GRUPO | H14: ASIGNATURA | L14: CLAVE | M14: GRUPO | N14: HORAS/SEMANA/MES | R14: HORAS TOTALES POR SEMANA**
L15: {=INDEX(z_3_Materias!B2:B508, MATCH(H15, z_3_Materias!A2:A508, 0))} -> 0 | N15: {=INDEX(z_3_Materias!D2:D508, MATCH(H15, z_3_Materias!A2:A508, 0))} -> 0 | R15: =SUM(N15:Q25) -> 0 | T15: =H15&" "&M15
L16: {=INDEX(z_3_Materias!B2:B508, MATCH(H16, z_3_Materias!A2:A508, 0))} -> 0 | N16: {=INDEX(z_3_Materias!D2:D508, MATCH(H16, z_3_Materias!A2:A508, 0))} -> 0 | T16: =H16&" "&M16
L17: {=INDEX(z_3_Materias!B2:B508, MATCH(H17, z_3_Materias!A2:A508, 0))} -> 0 | N17: {=INDEX(z_3_Materias!D2:D508, MATCH(H17, z_3_Materias!A2:A508, 0))} -> 0 | T17: =H17&" "&M17
L18: {=INDEX(z_3_Materias!B2:B508, MATCH(H18, z_3_Materias!A2:A508, 0))} -> 0 | N18: {=INDEX(z_3_Materias!D2:D508, MATCH(H18, z_3_Materias!A2:A508, 0))} -> 0 | T18: =H18&" "&M18
L19: {=INDEX(z_3_Materias!B2:B508, MATCH(H19, z_3_Materias!A2:A508, 0))} -> 0 | N19: {=INDEX(z_3_Materias!D2:D508, MATCH(H19, z_3_Materias!A2:A508, 0))} -> 0 | T19: =H19&" "&M19
L20: {=INDEX(z_3_Materias!B2:B508, MATCH(H20, z_3_Materias!A2:A508, 0))} -> 0 | N20: {=INDEX(z_3_Materias!D2:D508, MATCH(H20, z_3_Materias!A2:A508, 0))} -> 0 | T20: =H20&" "&M20
L21: {=INDEX(z_3_Materias!B2:B508, MATCH(H21, z_3_Materias!A2:A508, 0))} -> 0 | N21: {=INDEX(z_3_Materias!D2:D508, MATCH(H21, z_3_Materias!A2:A508, 0))} -> 0 | T21: =H21&" "&M21
L22: {=INDEX(z_3_Materias!B2:B508, MATCH(H22, z_3_Materias!A2:A508, 0))} -> 0 | N22: {=INDEX(z_3_Materias!D2:D508, MATCH(H22, z_3_Materias!A2:A508, 0))} -> 0 | T22: =H22&" "&M22
L23: {=INDEX(z_3_Materias!B1:B507, MATCH(H23, z_3_Materias!A1:A507, 0))} -> 0 | N23: {=INDEX(z_3_Materias!D1:D507, MATCH(H23, z_3_Materias!A1:A507, 0))} -> 0 | T23: =H23&" "&M23
L24: {=INDEX(z_3_Materias!B1:B507, MATCH(H24, z_3_Materias!A1:A507, 0))} -> 0 | N24: {=INDEX(z_3_Materias!D1:D507, MATCH(H24, z_3_Materias!A1:A507, 0))} -> 0
L25: {=INDEX(z_3_Materias!B2:B508, MATCH(H25, z_3_Materias!A2:A508, 0))} -> 0 | T25: =H25&" "&M25
B27: HORARIO SEMANAL*11)
B28: DISTRIBUCIÓN DE HORAS | H28: LUNES | J28: MARTES | L28: MIERCOLES | N28: JUEVES | P28: VIERNES | R28: SÁBADO
B29: 07:00 A 08:00
B30: 08:00 A 09:00
B31: 09:00 A 10:00
B32: 10:00 A 11:00
B33: 11:00 A 12:00
B34: 12:00 A 13:00
B35: 13:00 A 14:00
B36: 14:00 A 15:00
B37: 15:00 A 16:00
B38: 16:00 A 17:00
B39: 17:00 A 18:00
B40: 18:00 A 19:00
... B43: 21:00 A 22:00
C48: MTRO. OLIVER RAÚL VELÁZQUEZ TORRES | N48: =B10 -> RAMOS GAMA JOSELYN KAREN
C49: NOMBRE Y FIRMA DEL DIRECTOR ACADÉMICO | N49: NOMBRE Y FIRMA DE LA PROFESORA O PROFESOR
C52: MTRA. ZAIRA VARGAS SOLANO
C53: NOMBRE Y FIRMA DE LA DIRECTORA ACADÉMICA

Sheet RODRIGUEZ RIVERA NAYELI BERENIC
B1: UNIVERSIDAD TECNOLÓGICA FIDEL VELÁZQUEZ
B2: SECRETARÍA ACADÉMICA
B3: CARGA HORARIA PROFESOR DE ASIGNATURA
I5: NOMBRE DE LA DIVISIÓN: TELEMÁTICA
I6: PERIODO CUATRIMESTRAL: (MAYO - AGOSTO 2025) 2025-2
I7: VIGENCIA APARTIR DE: 01/05/2025 AL 30/08/2025
B10: RODRIGUEZ RIVERA NAYELI BERENICE | N10: MAESTRÍA
B11: NOMBRE DE LA PROFESORA O PROFESOR | N11: PROFESIÓN Y GRADO MÁXIMO DE ESTUDIOS
B13: DISTRIBUCIÓN DE HORAS AL CUATRIMESTRE
B14: DOCENCIA | D14: FRENTE A GRUPO | H14: ASIGNATURA | L14: CLAVE | M14: GRUPO | N14: HORAS/SEMANA/MES | R14: HORAS TOTALES POR SEMANA**
L15: {=INDEX(z_3_Materias!B2:B508, MATCH(H15, z_3_Materias!A2:A508, 0))} -> 0 | N15: {=INDEX(z_3_Materias!D2:D508, MATCH(H15, z_3_Materias!A2:A508, 0))} -> 0 | R15: =SUM(N15:Q23) -> 0 | T15: =H15&" "&M15
L16: {=INDEX(z_3_Materias!B2:B508, MATCH(H16, z_3_Materias!A2:A508, 0))} -> 0 | N16: {=INDEX(z_3_Materias!D2:D508, MATCH(H16, z_3_Materias!A2:A508, 0))} -> 0 | T16: =H16&" "&M16
L17: {=INDEX(z_3_Materias!B2:B508, MATCH(H17, z_3_Materias!A2:A508, 0))} -> 0 | T17: =H17&" "&M17
T18: =H18&" "&M18
L19: {=INDEX(z_3_Materias!B2:B508, MATCH(H19, z_3_Materias!A2:A508, 0))} -> 0 | T19: =H19&" "&M19
L20: {=INDEX(z_3_Materias!B2:B508, MATCH(H20, z_3_Materias!A2:A508, 0))} -> 0 | N20: {=INDEX(z_3_Materias!D2:D508, MATCH(H20, z_3_Materias!A2:A508, 0))} -> 0 | T20: =H20&" "&M20
L21: {=INDEX(z_3_Materias!B2:B508, MATCH(H21, z_3_Materias!A2:A508, 0))} -> 0 | N21: {=INDEX(z_3_Materias!D2:D508, MATCH(H21, z_3_Materias!A2:A508, 0))} -> 0 | T21: =H21&" "&M21
L22: {=INDEX(z_3_Materias!B2:B508, MATCH(H22, z_3_Materias!A2:A508, 0))} -> 0 | N22: {=INDEX(z_3_Materias!D2:D508, MATCH(H22, z_3_Materias!A2:A508, 0))} -> 0 | T22: =H22&" "&M22
L23: {=INDEX(z_3_Materias!B2:B508, MATCH(H23, z_3_Materias!A2:A508, 0))} -> 0 | N23: {=INDEX(z_3_Materias!D2:D508, MATCH(H23, z_3_Materias!A2:A508, 0))} -> 0 | T23: =H23&" "&M23
B25: HORARIO SEMANAL*11)
B26: DISTRIBUCIÓN DE HORAS | H26: LUNES | J26: MARTES | L26: MIERCOLES | N26: JUEVES | P26: VIERNES | R26: SÁBADO
B27: 07:00 A 08:00
B28: 08:00 A 09:00
B29: 09:00 A 10:00
B30: 10:00 A 11:00
B31: 11:00 A 12:00
B32: 12:00 A 13:00
B33: 13:00 A 14:00
B34: 14:00 A 15:00
B35: 15:00 A 16:00
B36: 16:00 A 17:00
B37: 17:00 A 18:00
B38: 18:00 A 19:00
... B41: 21:00 A 22:00
C46: MTRO. OLIVER RAÚL VELÁZQUEZ TORRES | N46: =B10 -> RODRIGUEZ RIVERA NAYELI BERENICE
C47: NOMBRE Y FIRMA DEL DIRECTOR ACADÉMICO | N47: NOMBRE Y FIRMA DE LA PROFESORA O PROFESOR
C50: LIC. ALMA JAZMÍN VELÁZQUEZ TORRES
C51: NOMBRE Y FIRMA DE LA DIRECTORA ACADÉMICA

Sheet RODRIGUEZ SANCHEZ LUIS FERNANDO
B1: UNIVERSIDAD TECNOLÓGICA FIDEL VELÁZQUEZ
B2: SECRETARÍA ACADÉMICA
B3: CARGA HORARIA PROFESOR DE ASIGNATURA
I5: NOMBRE DE LA DIVISIÓN: TELEMÁTICA
I6: PERIODO CUATRIMESTRAL: (MAYO - AGOSTO 2025) 2025-2
I7: VIGENCIA APARTIR DE: 01/05/2025 AL 30/08/2025
B10: RODRIGUEZ SANCHEZ LUIS FERNANDO | N10: MAESTRÍA
B11: NOMBRE DE LA PROFESORA O PROFESOR | N11: PROFESIÓN Y GRADO MÁXIMO DE ESTUDIOS
B13: DISTRIBUCIÓN DE HORAS AL CUATRIMESTRE
B14: DOCENCIA | D14: FRENTE A GRUPO | H14: ASIGNATURA | L14: CLAVE | M14: GRUPO | N14: HORAS/SEMANA/MES | R14: HORAS TOTALES POR SEMANA**
H15: Estructura de Datos* | L15: {=INDEX(z_3_Materias!B2:B508, MATCH(H15, z_3_Materias!A2:A508, 0))} -> 24CD018 | M15: CD301 | N15: {=INDEX(z_3_Materias!D2:D508, MATCH(H15, z_3_Materias!A2:A508, 0))} -> 6 | R15: =SUM(N15:Q23) -> 16 | T15: =H15&" "&M15 -> Estructura de Datos* CD301
H16: Bases de Datos_ | L16: {=INDEX(z_3_Materias!B2:B508, MATCH(H16, z_3_Materias!A2:A508, 0))} -> 24IRD019 | M16: IRD301 | N16: {=INDEX(z_3_Materias!D2:D508, MATCH(H16, z_3_Materias!A2:A508, 0))} -> 5 | T16: =H16&" "&M16 -> Bases de Datos_ IRD301
H17: Bases de Datos_ | L17: {=INDEX(z_3_Materias!B2:B508, MATCH(H17, z_3_Materias!A2:A508, 0))} -> 24IRD019 | M17: IRD302 | N17: {=INDEX(z_3_Materias!D2:D508, MATCH(H17, z_3_Materias!A2:A508, 0))} -> 5 | T17: =H17&" "&M17 -> Bases de Datos_ IRD302
L18: {=INDEX(z_3_Materias!B2:B508, MATCH(H18, z_3_Materias!A2:A508, 0))} -> 0 | N18: {=INDEX(z_3_Materias!D2:D508, MATCH(H18, z_3_Materias!A2:A508, 0))} -> 0 | T18: =H18&" "&M18
L19: {=INDEX(z_3_Materias!B2:B508, MATCH(H19, z_3_Materias!A2:A508, 0))} -> 0 | N19: {=INDEX(z_3_Materias!D2:D508, MATCH(H19, z_3_Materias!A2:A508, 0))} -> 0 | T19: =H19&" "&M19
L20: {=INDEX(z_3_Materias!B2:B508, MATCH(H20, z_3_Materias!A2:A508, 0))} -> 0 | N20: {=INDEX(z_3_Materias!D2:D508, MATCH(H20, z_3_Materias!A2:A508, 0))} -> 0 | T20: =H20&" "&M20
L21: {=INDEX(z_3_Materias!B2:B508, MATCH(H21, z_3_Materias!A2:A508, 0))} -> 0 | N21: {=INDEX(z_3_Materias!D2:D508, MATCH(H21, z_3_Materias!A2:A508, 0))} -> 0 | T21: =H21&" "&M21
L22: {=INDEX(z_3_Materias!B2:B508, MATCH(H22, z_3_Materias!A2:A508, 0))} -> 0 | N22: {=INDEX(z_3_Materias!D2:D508, MATCH(H22, z_3_Materias!A2:A508, 0))} -> 0 | T22: =H22&" "&M22
L23: {=INDEX(z_3_Materias!B2:B508, MATCH(H23, z_3_Materias!A2:A508, 0))} -> 0 | N23: {=INDEX(z_3_Materias!D2:D508, MATCH(H23, z_3_Materias!A2:A508, 0))} -> 0 | T23: =H23&" "&M23
B25: HORARIO SEMANAL*11)
B26: DISTRIBUCIÓN DE HORAS | H26: LUNES | J26: MARTES | L26: MIERCOLES | N26: JUEVES | P26: VIERNES | R26: SÁBADO
B27: 07:00 A 08:00
B28: 08:00 A 09:00
B29: 09:00 A 10:00
B30: 10:00 A 11:00
B31: 11:00 A 12:00
B32: 12:00 A 13:00
B33: 13:00 A 14:00
B34: 14:00 A 15:00
B35: 15:00 A 16:00
B36: 16:00 A 17:00
B37: 17:00 A 18:00
B38: 18:00 A 19:00
... B41: 21:00 A 22:00
C46: MTRO. OLIVER RAÚL VELÁZQUEZ TORRES | N46: =B10 -> RODRIGUEZ SANCHEZ LUIS FERNANDO
C47: NOMBRE Y FIRMA DEL DIRECTOR ACADÉMICO | N47: NOMBRE Y FIRMA DE LA PROFESORA O PROFESOR

Sheet ROJAS DIEGO RAUL
B1: UNIVERSIDAD TECNOLÓGICA FIDEL VELÁZQUEZ
B2: SECRETARÍA ACADÉMICA
B3: CARGA HORARIA PROFESOR DE ASIGNATURA
I5: NOMBRE DE LA DIVISIÓN: TELEMÁTICA
I6: PERIODO CUATRIMESTRAL: (MAYO - AGOSTO 2025) 2025-2
I7: VIGENCIA APARTIR DE: 01/05/2025 AL 30/08/2025
B10: ROJAS DIEGO RAUL | N10: MAESTRÍA
B11: NOMBRE DE LA PROFESORA O PROFESOR | N11: PROFESIÓN Y GRADO MÁXIMO DE ESTUDIOS
B13: DISTRIBUCIÓN DE HORAS AL CUATRIMESTRE
B14: DOCENCIA | D14: FRENTE A GRUPO | H14: ASIGNATURA | L14: CLAVE | M14: GRUPO | N14: HORAS/SEMANA/MES | R14: HORAS TOTALES POR SEMANA**
L15: {=INDEX(z_3_Materias!B2:B508, MATCH(H15, z_3_Materias!A2:A508, 0))} -> 0 | N15: {=INDEX(z_3_Materias!D2:D508, MATCH(H15, z_3_Materias!A2:A508, 0))} -> 0 | R15: =SUM(N15:Q23) -> 0 | T15: =H15&" "&M15
L16: {=INDEX(z_3_Materias!B2:B508, MATCH(H16, z_3_Materias!A2:A508, 0))} -> 0 | N16: {=INDEX(z_3_Materias!D2:D508, MATCH(H16, z_3_Materias!A2:A508, 0))} -> 0 | T16: =H16&" "&M16
L17: {=INDEX(z_3_Materias!B2:B508, MATCH(H17, z_3_Materias!A2:A508, 0))} -> 0 | N17: {=INDEX(z_3_Materias!D2:D508, MATCH(H17, z_3_Materias!A2:A508, 0))} -> 0 | T17: =H17&" "&M17
L18: {=INDEX(z_3_Materias!B2:B508, MATCH(H18, z_3_Materias!A2:A508, 0))} -> 0 | N18: {=INDEX(z_3_Materias!D2:D508, MATCH(H18, z_3_Materias!A2:A508, 0))} -> 0 | T18: =H18&" "&M18
L19: {=INDEX(z_3_Materias!B2:B508, MATCH(H19, z_3_Materias!A2:A508, 0))} -> 0 | N19: {=INDEX(z_3_Materias!D2:D508, MATCH(H19, z_3_Materias!A2:A508, 0))} -> 0 | T19: =H19&" "&M19
L20: {=INDEX(z_3_Materias!B2:B508, MATCH(H20, z_3_Materias!A2:A508, 0))} -> 0 | N20: {=INDEX(z_3_Materias!D2:D508, MATCH(H20, z_3_Materias!A2:A508, 0))} -> 0 | T20: =H20&" "&M20
L21: {=INDEX(z_3_Materias!B2:B508, MATCH(H21, z_3_Materias!A2:A508, 0))} -> 0 | N21: {=INDEX(z_3_Materias!D2:D508, MATCH(H21, z_3_Materias!A2:A508, 0))} -> 0 | T21: =H21&" "&M21
L22: {=INDEX(z_3_Materias!B2:B508, MATCH(H22, z_3_Materias!A2:A508, 0))} -> 0 | N22: {=INDEX(z_3_Materias!D2:D508, MATCH(H22, z_3_Materias!A2:A508, 0))} -> 0 | T22: =H22&" "&M22
L23: {=INDEX(z_3_Materias!B2:B508, MATCH(H23, z_3_Materias!A2:A508, 0))} -> 0 | N23: {=INDEX(z_3_Materias!D2:D508, MATCH(H23, z_3_Materias!A2:A508, 0))} -> 0 | T23: =H23&" "&M23
B25: HORARIO SEMANAL*11)
B26: DISTRIBUCIÓN DE HORAS | H26: LUNES | J26: MARTES | L26: MIERCOLES | N26: JUEVES | P26: VIERNES | R26: SÁBADO
B27: 07:00 A 08:00
B28: 08:00 A 09:00
B29: 09:00 A 10:00
B30: 10:00 A 11:00
B31: 11:00 A 12:00
B32: 12:00 A 13:00
B33: 13:00 A 14:00
B34: 14:00 A 15:00
B35: 15:00 A 16:00
B36: 16:00 A 17:00
B37: 17:00 A 18:00
B38: 18:00 A 19:00
... B41: 21:00 A 22:00
C46: MTRO. OLIVER RAÚL VELÁZQUEZ TORRES | N46: =B10 -> ROJAS DIEGO RAUL
C47: NOMBRE Y FIRMA DEL DIRECTOR ACADÉMICO | N47: NOMBRE Y FIRMA DE LA PROFESORA O PROFESOR

Sheet ROSAS DUARTE ROSA RUTH
B1: UNIVERSIDAD TECNOLÓGICA FIDEL VELÁZQUEZ
B2: SECRETARÍA ACADÉMICA
B3: CARGA HORARIA PROFESOR DE ASIGNATURA
I5: NOMBRE DE LA DIVISIÓN: TELEMÁTICA
I6: PERIODO CUATRIMESTRAL: (MAYO - AGOSTO 2025) 2025-2
I7: VIGENCIA APARTIR DE: 01/05/2025 AL 30/08/2025
B10: ROSAS DUARTE ROSA RUTH | N10: LICENCIATURA
B11: NOMBRE DE LA PROFESORA O PROFESOR | N11: PROFESIÓN Y GRADO MÁXIMO DE ESTUDIOS
B13: DISTRIBUCIÓN DE HORAS AL CUATRIMESTRE
B14: DOCENCIA | D14: FRENTE A GRUPO | H14: ASIGNATURA | L14: CLAVE | M14: GRUPO | N14: HORAS/SEMANA/MES | R14: HORAS TOTALES POR SEMANA**
L15: {=INDEX(z_3_Materias!B2:B508, MATCH(H15, z_3_Materias!A2:A508, 0))} -> 0 | N15: {=INDEX(z_3_Materias!D2:D508, MATCH(H15, z_3_Materias!A2:A508, 0))} -> 0 | R15: =SUM(N15:Q23) -> 0 | T15: =H15&" "&M15
L16: {=INDEX(z_3_Materias!B2:B508, MATCH(H16, z_3_Materias!A2:A508, 0))} -> 0 | N16: {=INDEX(z_3_Materias!D2:D508, MATCH(H16, z_3_Materias!A2:A508, 0))} -> 0 | T16: =H16&" "&M16
L17: {=INDEX(z_3_Materias!B2:B508, MATCH(H17, z_3_Materias!A2:A508, 0))} -> 0 | N17: {=INDEX(z_3_Materias!D2:D508, MATCH(H17, z_3_Materias!A2:A508, 0))} -> 0 | T17: =H17&" "&M17
L18: {=INDEX(z_3_Materias!B2:B508, MATCH(H18, z_3_Materias!A2:A508, 0))} -> 0 | N18: {=INDEX(z_3_Materias!D2:D508, MATCH(H18, z_3_Materias!A2:A508, 0))} -> 0 | T18: =H18&" "&M18
L19: {=INDEX(z_3_Materias!B2:B508, MATCH(H19, z_3_Materias!A2:A508, 0))} -> 0 | N19: {=INDEX(z_3_Materias!D2:D508, MATCH(H19, z_3_Materias!A2:A508, 0))} -> 0 | T19: =H19&" "&M19
L20: {=INDEX(z_3_Materias!B2:B508, MATCH(H20, z_3_Materias!A2:A508, 0))} -> 0 | N20: {=INDEX(z_3_Materias!D2:D508, MATCH(H20, z_3_Materias!A2:A508, 0))} -> 0 | T20: =H20&" "&M20
L21: {=INDEX(z_3_Materias!B2:B508, MATCH(H21, z_3_Materias!A2:A508, 0))} -> 0 | N21: {=INDEX(z_3_Materias!D2:D508, MATCH(H21, z_3_Materias!A2:A508, 0))} -> 0 | T21: =H21&" "&M21
L22: {=INDEX(z_3_Materias!B2:B508, MATCH(H22, z_3_Materias!A2:A508, 0))} -> 0 | N22: {=INDEX(z_3_Materias!D2:D508, MATCH(H22, z_3_Materias!A2:A508, 0))} -> 0 | T22: =H22&" "&M22
L23: {=INDEX(z_3_Materias!B2:B508, MATCH(H23, z_3_Materias!A2:A508, 0))} -> 0 | N23: {=INDEX(z_3_Materias!D2:D508, MATCH(H23, z_3_Materias!A2:A508, 0))} -> 0 | T23: =H23&" "&M23
B25: HORARIO SEMANAL*11)
B26: DISTRIBUCIÓN DE HORAS | H26: LUNES | J26: MARTES | L26: MIERCOLES | N26: JUEVES | P26: VIERNES | R26: SÁBADO
B27: 07:00 A 08:00
B28: 08:00 A 09:00
B29: 09:00 A 10:00
B30: 10:00 A 11:00
B31: 11:00 A 12:00
B32: 12:00 A 13:00
B33: 13:00 A 14:00
B34: 14:00 A 15:00
B35: 15:00 A 16:00
B36: 16:00 A 17:00
B37: 17:00 A 18:00
B38: 18:00 A 19:00
... B41: 21:00 A 22:00
C46: MTRO. OLIVER RAÚL VELÁZQUEZ TORRES | N46: =B10 -> ROSAS DUARTE ROSA RUTH
C47: NOMBRE Y FIRMA DEL DIRECTOR ACADÉMICO | N47: NOMBRE Y FIRMA DE LA PROFESORA O PROFESOR

Sheet SERRANO SILVA IVAN ENRIQUE
B1: UNIVERSIDAD TECNOLÓGICA FIDEL VELÁZQUEZ
B2: SECRETARÍA ACADÉMICA
B3: CARGA HORARIA PROFESOR DE ASIGNATURA
I5: NOMBRE DE LA DIVISIÓN: TELEMÁTICA
I6: PERIODO CUATRIMESTRAL: (MAYO - AGOSTO 2025) 2025-2
I7: VIGENCIA APARTIR DE: 01/05/2025 AL 30/08/2025
B10: SERRANO SILVA IVAN ENRIQUE | N10: MAESTRÍA
B11: NOMBRE DE LA PROFESORA O PROFESOR | N11: PROFESIÓN Y GRADO MÁXIMO DE ESTUDIOS
B13: DISTRIBUCIÓN DE HORAS AL CUATRIMESTRE
B14: DOCENCIA | D14: FRENTE A GRUPO | H14: ASIGNATURA | L14: CLAVE | M14: GRUPO | N14: HORAS/SEMANA/MES | R14: HORAS TOTALES POR SEMANA**
L15: {=INDEX(z_3_Materias!B2:B508, MATCH(H15, z_3_Materias!A2:A508, 0))} -> 0 | N15: {=INDEX(z_3_Materias!D2:D508, MATCH(H15, z_3_Materias!A2:A508, 0))} -> 0 | R15: =SUM(N15:Q23) -> 0 | T15: =H15&" "&M15
L16: {=INDEX(z_3_Materias!B2:B508, MATCH(H16, z_3_Materias!A2:A508, 0))} -> 0 | N16: {=INDEX(z_3_Materias!D2:D508, MATCH(H16, z_3_Materias!A2:A508, 0))} -> 0 | T16: =H16&" "&M16
L17: {=INDEX(z_3_Materias!B2:B508, MATCH(H17, z_3_Materias!A2:A508, 0))} -> 0 | N17: {=INDEX(z_3_Materias!D2:D508, MATCH(H17, z_3_Materias!A2:A508, 0))} -> 0 | T17: =H17&" "&M17
L18: {=INDEX(z_3_Materias!B2:B508, MATCH(H18, z_3_Materias!A2:A508, 0))} -> 0 | N18: {=INDEX(z_3_Materias!D2:D508, MATCH(H18, z_3_Materias!A2:A508, 0))} -> 0 | T18: =H18&" "&M18
L19: {=INDEX(z_3_Materias!B2:B508, MATCH(H19, z_3_Materias!A2:A508, 0))} -> 0 | N19: {=INDEX(z_3_Materias!D2:D508, MATCH(H19, z_3_Materias!A2:A508, 0))} -> 0 | T19: =H19&" "&M19
L20: {=INDEX(z_3_Materias!B2:B508, MATCH(H20, z_3_Materias!A2:A508, 0))} -> 0 | N20: {=INDEX(z_3_Materias!D2:D508, MATCH(H20, z_3_Materias!A2:A508, 0))} -> 0 | T20: =H20&" "&M20
L21: {=INDEX(z_3_Materias!B2:B508, MATCH(H21, z_3_Materias!A2:A508, 0))} -> 0 | N21: {=INDEX(z_3_Materias!D2:D508, MATCH(H21, z_3_Materias!A2:A508, 0))} -> 0 | T21: =H21&" "&M21
L22: {=INDEX(z_3_Materias!B2:B508, MATCH(H22, z_3_Materias!A2:A508, 0))} -> 0 | N22: {=INDEX(z_3_Materias!D2:D508, MATCH(H22, z_3_Materias!A2:A508, 0))} -> 0 | T22: =H22&" "&M22
L23: {=INDEX(z_3_Materias!B2:B508, MATCH(H23, z_3_Materias!A2:A508, 0))} -> 0 | N23: {=INDEX(z_3_Materias!D2:D508, MATCH(H23, z_3_Materias!A2:A508, 0))} -> 0 | T23: =H23&" "&M23
B25: HORARIO SEMANAL*11)
B26: DISTRIBUCIÓN DE HORAS | H26: LUNES | J26: MARTES | L26: MIERCOLES | N26: JUEVES | P26: VIERNES | R26: SÁBADO
B27: 07:00 A 08:00
B28: 08:00 A 09:00
B29: 09:00 A 10:00
B30: 10:00 A 11:00
B31: 11:00 A 12:00
B32: 12:00 A 13:00
B33: 13:00 A 14:00
B34: 14:00 A 15:00
B35: 15:00 A 16:00
B36: 16:00 A 17:00
B37: 17:00 A 18:00
B38: 18:00 A 19:00
... B41: 21:00 A 22:00
C46: MTRO. OLIVER RAÚL VELÁZQUEZ TORRES | N46: =B10 -> SERRANO SILVA IVAN ENRIQUE
C47: NOMBRE Y FIRMA DEL DIRECTOR ACADÉMICO | N47: NOMBRE Y FIRMA DE LA PROFESORA O PROFESOR

Sheet TIRADOR GOMEZ DANIELA LIZETH
B1: UNIVERSIDAD TECNOLÓGICA FIDEL VELÁZQUEZ
B2: SECRETARÍA ACADÉMICA
B3: CARGA HORARIA PROFESOR DE ASIGNATURA
I5: NOMBRE DE LA DIVISIÓN: TELEMÁTICA
I6: PERIODO CUATRIMESTRAL: (MAYO - AGOSTO 2025) 2025-2
I7: VIGENCIA APARTIR DE: 01/05/2025 AL 30/08/2025
B10: TIRADOR GOMEZ DANIELA LIZETH | N10: MAESTRÍA
B11: NOMBRE DE LA PROFESORA O PROFESOR | N11: PROFESIÓN Y GRADO MÁXIMO DE ESTUDIOS
B13: DISTRIBUCIÓN DE HORAS AL CUATRIMESTRE
B14: DOCENCIA | D14: FRENTE A GRUPO | H14: ASIGNATURA | L14: CLAVE | M14: GRUPO | N14: HORAS/SEMANA/MES | R14: HORAS TOTALES POR SEMANA**
L15: {=INDEX(z_3_Materias!B2:B508, MATCH(H15, z_3_Materias!A2:A508, 0))} -> 0 | N15: {=INDEX(z_3_Materias!D2:D508, MATCH(H15, z_3_Materias!A2:A508, 0))} -> 0 | R15: =SUM(N15:Q23) -> 0 | T15: =H15&" "&M15
L16: {=INDEX(z_3_Materias!B2:B508, MATCH(H16, z_3_Materias!A2:A508, 0))} -> 0 | N16: {=INDEX(z_3_Materias!D2:D508, MATCH(H16, z_3_Materias!A2:A508, 0))} -> 0 | T16: =H16&" "&M16
L17: {=INDEX(z_3_Materias!B2:B508, MATCH(H17, z_3_Materias!A2:A508, 0))} -> 0 | N17: {=INDEX(z_3_Materias!D2:D508, MATCH(H17, z_3_Materias!A2:A508, 0))} -> 0 | T17: =H17&" "&M17
L18: {=INDEX(z_3_Materias!B2:B508, MATCH(H18, z_3_Materias!A2:A508, 0))} -> 0 | N18: {=INDEX(z_3_Materias!D2:D508, MATCH(H18, z_3_Materias!A2:A508, 0))} -> 0 | T18: =H18&" "&M18
L19: {=INDEX(z_3_Materias!B2:B508, MATCH(H19, z_3_Materias!A2:A508, 0))} -> 0 | N19: {=INDEX(z_3_Materias!D2:D508, MATCH(H19, z_3_Materias!A2:A508, 0))} -> 0 | T19: =H19&" "&M19
L20: {=INDEX(z_3_Materias!B2:B508, MATCH(H20, z_3_Materias!A2:A508, 0))} -> 0 | N20: {=INDEX(z_3_Materias!D2:D508, MATCH(H20, z_3_Materias!A2:A508, 0))} -> 0 | T20: =H20&" "&M20
L21: {=INDEX(z_3_Materias!B2:B508, MATCH(H21, z_3_Materias!A2:A508, 0))} -> 0 | N21: {=INDEX(z_3_Materias!D2:D508, MATCH(H21, z_3_Materias!A2:A508, 0))} -> 0 | T21: =H21&" "&M21
L22: {=INDEX(z_3_Materias!B2:B508, MATCH(H22, z_3_Materias!A2:A508, 0))} -> 0 | N22: {=INDEX(z_3_Materias!D2:D508, MATCH(H22, z_3_Materias!A2:A508, 0))} -> 0 | T22: =H22&" "&M22
L23: {=INDEX(z_3_Materias!B2:B508, MATCH(H23, z_3_Materias!A2:A508, 0))} -> 0 | N23: {=INDEX(z_3_Materias!D2:D508, MATCH(H23, z_3_Materias!A2:A508, 0))} -> 0 | T23: =H23&" "&M23
B25: HORARIO SEMANAL*11)
B26: DISTRIBUCIÓN DE HORAS | H26: LUNES | J26: MARTES | L26: MIERCOLES | N26: JUEVES | P26: VIERNES | R26: SÁBADO
B27: 07:00 A 08:00
B28: 08:00 A 09:00
B29: 09:00 A 10:00
B30: 10:00 A 11:00
B31: 11:00 A 12:00
B32: 12:00 A 13:00
B33: 13:00 A 14:00
B34: 14:00 A 15:00
B35: 15:00 A 16:00
B36: 16:00 A 17:00
B37: 17:00 A 18:00
B38: 18:00 A 19:00
... B41: 21:00 A 22:00
C46: MTRO. OLIVER RAÚL VELÁZQUEZ TORRES | N46: =B10 -> TIRADOR GOMEZ DANIELA LIZETH
C47: NOMBRE Y FIRMA DEL DIRECTOR ACADÉMICO | N47: NOMBRE Y FIRMA DE LA PROFESORA O PROFESOR

Sheet TORRES HERNANDEZ LUIS ENRIQUE
B1: UNIVERSIDAD TECNOLÓGICA FIDEL VELÁZQUEZ
B2: SECRETARÍA ACADÉMICA
B3: CARGA HORARIA PROFESOR DE ASIGNATURA
I5: NOMBRE DE LA DIVISIÓN: TELEMÁTICA
I6: PERIODO CUATRIMESTRAL: (MAYO - AGOSTO 2025) 2025-2
I7: VIGENCIA APARTIR DE: 01/05/2025 AL 30/08/2025
B10: TORRES HERNANDEZ LUIS ENRIQUE | N10: MAESTRÍA
B11: NOMBRE DE LA PROFESORA O PROFESOR | N11: PROFESIÓN Y GRADO MÁXIMO DE ESTUDIOS
B13: DISTRIBUCIÓN DE HORAS AL CUATRIMESTRE
B14: DOCENCIA | D14: FRENTE A GRUPO | H14: ASIGNATURA | L14: CLAVE | M14: GRUPO | N14: HORAS/SEMANA/MES | R14: HORAS TOTALES POR SEMANA**
L15: {=INDEX(z_3_Materias!B2:B508, MATCH(H15, z_3_Materias!A2:A508, 0))} -> 0 | N15: {=INDEX(z_3_Materias!D2:D508, MATCH(H15, z_3_Materias!A2:A508, 0))} -> 0 | R15: =SUM(N15:Q23) -> 0 | T15: =H15&" "&M15
L16: {=INDEX(z_3_Materias!B2:B508, MATCH(H16, z_3_Materias!A2:A508, 0))} -> 0 | N16: {=INDEX(z_3_Materias!D2:D508, MATCH(H16, z_3_Materias!A2:A508, 0))} -> 0 | T16: =H16&" "&M16
L17: {=INDEX(z_3_Materias!B2:B508, MATCH(H17, z_3_Materias!A2:A508, 0))} -> 0 | N17: {=INDEX(z_3_Materias!D2:D508, MATCH(H17, z_3_Materias!A2:A508, 0))} -> 0 | T17: =H17&" "&M17
L18: {=INDEX(z_3_Materias!B2:B508, MATCH(H18, z_3_Materias!A2:A508, 0))} -> 0 | N18: {=INDEX(z_3_Materias!D2:D508, MATCH(H18, z_3_Materias!A2:A508, 0))} -> 0 | T18: =H18&" "&M18
L19: {=INDEX(z_3_Materias!B2:B508, MATCH(H19, z_3_Materias!A2:A508, 0))} -> 0 | N19: {=INDEX(z_3_Materias!D2:D508, MATCH(H19, z_3_Materias!A2:A508, 0))} -> 0 | T19: =H19&" "&M19
L20: {=INDEX(z_3_Materias!B2:B508, MATCH(H20, z_3_Materias!A2:A508, 0))} -> 0 | N20: {=INDEX(z_3_Materias!D2:D508, MATCH(H20, z_3_Materias!A2:A508, 0))} -> 0 | T20: =H20&" "&M20
L21: {=INDEX(z_3_Materias!B2:B508, MATCH(H21, z_3_Materias!A2:A508, 0))} -> 0 | N21: {=INDEX(z_3_Materias!D2:D508, MATCH(H21, z_3_Materias!A2:A508, 0))} -> 0 | T21: =H21&" "&M21
L22: {=INDEX(z_3_Materias!B2:B508, MATCH(H22, z_3_Materias!A2:A508, 0))} -> 0 | N22: {=INDEX(z_3_Materias!D2:D508, MATCH(H22, z_3_Materias!A2:A508, 0))} -> 0 | T22: =H22&" "&M22
L23: {=INDEX(z_3_Materias!B2:B508, MATCH(H23, z_3_Materias!A2:A508, 0))} -> 0 | N23: {=INDEX(z_3_Materias!D2:D508, MATCH(H23, z_3_Materias!A2:A508, 0))} -> 0 | T23: =H23&" "&M23
B25: HORARIO SEMANAL*11)
B26: DISTRIBUCIÓN DE HORAS | H26: LUNES | J26: MARTES | L26: MIERCOLES | N26: JUEVES | P26: VIERNES | R26: SÁBADO
B27: 07:00 A 08:00
B28: 08:00 A 09:00
B29: 09:00 A 10:00
B30: 10:00 A 11:00
B31: 11:00 A 12:00
B32: 12:00 A 13:00
B33: 13:00 A 14:00
B34: 14:00 A 15:00
B35: 15:00 A 16:00
B36: 16:00 A 17:00
B37: 17:00 A 18:00
B38: 18:00 A 19:00
... B41: 21:00 A 22:00
C46: MTRO. OLIVER RAÚL VELÁZQUEZ TORRES | N46: =B10 -> TORRES HERNANDEZ LUIS ENRIQUE
C47: NOMBRE Y FIRMA DEL DIRECTOR ACADÉMICO | N47: NOMBRE Y FIRMA DE LA PROFESORA O PROFESOR

Sheet TORRES RODRIGUEZ KATHERINNE ARA
B1: UNIVERSIDAD TECNOLÓGICA FIDEL VELÁZQUEZ
B2: SECRETARÍA ACADÉMICA
B3: CARGA HORARIA PROFESOR DE ASIGNATURA
I5: NOMBRE DE LA DIVISIÓN: TELEMÁTICA
I6: PERIODO CUATRIMESTRAL: (MAYO - AGOSTO 2025) 2025-2
I7: VIGENCIA APARTIR DE: 01/05/2025 AL 30/08/2025
B10: TORRES RODRIGUEZ KATHERINNE ARANZA | N10: MAESTRÍA
B11: NOMBRE DE LA PROFESORA O PROFESOR | N11: PROFESIÓN Y GRADO MÁXIMO DE ESTUDIOS
B13: DISTRIBUCIÓN DE HORAS AL CUATRIMESTRE
B14: DOCENCIA | D14: FRENTE A GRUPO | H14: ASIGNATURA | L14: CLAVE | M14: GRUPO | N14: HORAS/SEMANA/MES | R14: HORAS TOTALES POR SEMANA**
L15: {=INDEX(z_3_Materias!B2:B508, MATCH(H15, z_3_Materias!A2:A508, 0))} -> 0 | N15: {=INDEX(z_3_Materias!D2:D508, MATCH(H15, z_3_Materias!A2:A508, 0))} -> 0 | R15: =SUM(N15:Q23) -> 0 | T15: =H15&" "&M15
L16: {=INDEX(z_3_Materias!B2:B508, MATCH(H16, z_3_Materias!A2:A508, 0))} -> 0 | N16: {=INDEX(z_3_Materias!D2:D508, MATCH(H16, z_3_Materias!A2:A508, 0))} -> 0 | T16: =H16&" "&M16
L17: {=INDEX(z_3_Materias!B2:B508, MATCH(H17, z_3_Materias!A2:A508, 0))} -> 0 | N17: {=INDEX(z_3_Materias!D2:D508, MATCH(H17, z_3_Materias!A2:A508, 0))} -> 0 | T17: =H17&" "&M17
L18: {=INDEX(z_3_Materias!B2:B508, MATCH(H18, z_3_Materias!A2:A508, 0))} -> 0 | N18: {=INDEX(z_3_Materias!D2:D508, MATCH(H18, z_3_Materias!A2:A508, 0))} -> 0 | T18: =H18&" "&M18
L19: {=INDEX(z_3_Materias!B2:B508, MATCH(H19, z_3_Materias!A2:A508, 0))} -> 0 | N19: {=INDEX(z_3_Materias!D2:D508, MATCH(H19, z_3_Materias!A2:A508, 0))} -> 0 | T19: =H19&" "&M19
L20: {=INDEX(z_3_Materias!B2:B508, MATCH(H20, z_3_Materias!A2:A508, 0))} -> 0 | N20: {=INDEX(z_3_Materias!D2:D508, MATCH(H20, z_3_Materias!A2:A508, 0))} -> 0 | T20: =H20&" "&M20
L21: {=INDEX(z_3_Materias!B2:B508, MATCH(H21, z_3_Materias!A2:A508, 0))} -> 0 | N21: {=INDEX(z_3_Materias!D2:D508, MATCH(H21, z_3_Materias!A2:A508, 0))} -> 0 | T21: =H21&" "&M21
L22: {=INDEX(z_3_Materias!B2:B508, MATCH(H22, z_3_Materias!A2:A508, 0))} -> 0 | N22: {=INDEX(z_3_Materias!D2:D508, MATCH(H22, z_3_Materias!A2:A508, 0))} -> 0 | T22: =H22&" "&M22
L23: {=INDEX(z_3_Materias!B2:B508, MATCH(H23, z_3_Materias!A2:A508, 0))} -> 0 | N23: {=INDEX(z_3_Materias!D2:D508, MATCH(H23, z_3_Materias!A2:A508, 0))} -> 0 | T23: =H23&" "&M23
B25: HORARIO SEMANAL*11)
B26: DISTRIBUCIÓN DE HORAS | H26: LUNES | J26: MARTES | L26: MIERCOLES | N26: JUEVES | P26: VIERNES | R26: SÁBADO
B27: 07:00 A 08:00
B28: 08:00 A 09:00
B29: 09:00 A 10:00
B30: 10:00 A 11:00
B31: 11:00 A 12:00
B32: 12:00 A 13:00
B33: 13:00 A 14:00
B34: 14:00 A 15:00
B35: 15:00 A 16:00
B36: 16:00 A 17:00
B37: 17:00 A 18:00
B38: 18:00 A 19:00
... B41: 21:00 A 22:00
C46: MTRO. OLIVER RAÚL VELÁZQUEZ TORRES | N46: =B10 -> TORRES RODRIGUEZ KATHERINNE ARANZA
C47: NOMBRE Y FIRMA DEL DIRECTOR ACADÉMICO | N47: NOMBRE Y FIRMA DE LA PROFESORA O PROFESOR

Sheet VALADEZ VARGAS ALEJANDRO
B1: UNIVERSIDAD TECNOLÓGICA FIDEL VELÁZQUEZ
B2: SECRETARÍA ACADÉMICA
B3: CARGA HORARIA PROFESOR DE ASIGNATURA
I5: NOMBRE DE LA DIVISIÓN: TELEMÁTICA
I6: PERIODO CUATRIMESTRAL: (MAYO - AGOSTO 2025) 2025-2
I7: VIGENCIA APARTIR DE: 01/05/2025 AL 30/08/2025
B10: VALADEZ VARGAS ALEJANDRO | N10: MAESTRÍA
B11: NOMBRE DE LA PROFESORA O PROFESOR | N11: PROFESIÓN Y GRADO MÁXIMO DE ESTUDIOS
B13: DISTRIBUCIÓN DE HORAS AL CUATRIMESTRE
B14: DOCENCIA | D14: FRENTE A GRUPO | H14: ASIGNATURA | L14: CLAVE | M14: GRUPO | N14: HORAS/SEMANA/MES | R14: HORAS TOTALES POR SEMANA**
L15: {=INDEX(z_3_Materias!B2:B508, MATCH(H15, z_3_Materias!A2:A508, 0))} -> 0 | N15: {=INDEX(z_3_Materias!D2:D508, MATCH(H15, z_3_Materias!A2:A508, 0))} -> 0 | R15: =SUM(N15:Q23) -> 0 | T15: =H15&" "&M15
L16: {=INDEX(z_3_Materias!B2:B508, MATCH(H16, z_3_Materias!A2:A508, 0))} -> 0 | N16: {=INDEX(z_3_Materias!D2:D508, MATCH(H16, z_3_Materias!A2:A508, 0))} -> 0 | T16: =H16&" "&M16
L17: {=INDEX(z_3_Materias!B2:B508, MATCH(H17, z_3_Materias!A2:A508, 0))} -> 0 | N17: {=INDEX(z_3_Materias!D2:D508, MATCH(H17, z_3_Materias!A2:A508, 0))} -> 0 | T17: =H17&" "&M17
L18: {=INDEX(z_3_Materias!B2:B508, MATCH(H18, z_3_Materias!A2:A508, 0))} -> 0 | N18: {=INDEX(z_3_Materias!D2:D508, MATCH(H18, z_3_Materias!A2:A508, 0))} -> 0 | T18: =H18&" "&M18
L19: {=INDEX(z_3_Materias!B2:B508, MATCH(H19, z_3_Materias!A2:A508, 0))} -> 0 | N19: {=INDEX(z_3_Materias!D2:D508, MATCH(H19, z_3_Materias!A2:A508, 0))} -> 0 | T19: =H19&" "&M19
L20: {=INDEX(z_3_Materias!B2:B508, MATCH(H20, z_3_Materias!A2:A508, 0))} -> 0 | N20: {=INDEX(z_3_Materias!D2:D508, MATCH(H20, z_3_Materias!A2:A508, 0))} -> 0 | T20: =H20&" "&M20
L21: {=INDEX(z_3_Materias!B2:B508, MATCH(H21, z_3_Materias!A2:A508, 0))} -> 0 | N21: {=INDEX(z_3_Materias!D2:D508, MATCH(H21, z_3_Materias!A2:A508, 0))} -> 0 | T21: =H21&" "&M21
L22: {=INDEX(z_3_Materias!B2:B508, MATCH(H22, z_3_Materias!A2:A508, 0))} -> 0 | N22: {=INDEX(z_3_Materias!D2:D508, MATCH(H22, z_3_Materias!A2:A508, 0))} -> 0 | T22: =H22&" "&M22
L23: {=INDEX(z_3_Materias!B2:B508, MATCH(H23, z_3_Materias!A2:A508, 0))} -> 0 | N23: {=INDEX(z_3_Materias!D2:D508, MATCH(H23, z_3_Materias!A2:A508, 0))} -> 0 | T23: =H23&" "&M23
B25: HORARIO SEMANAL*11)
B26: DISTRIBUCIÓN DE HORAS | H26: LUNES | J26: MARTES | L26: MIERCOLES | N26: JUEVES | P26: VIERNES | R26: SÁBADO
B27: 07:00 A 08:00
B28: 08:00 A 09:00
B29: 09:00 A 10:00
B30: 10:00 A 11:00
B31: 11:00 A 12:00
B32: 12:00 A 13:00
B33: 13:00 A 14:00
B34: 14:00 A 15:00
B35: 15:00 A 16:00
B36: 16:00 A 17:00
B37: 17:00 A 18:00
B38: 18:00 A 19:00
... B41: 21:00 A 22:00
C46: MTRO. OLIVER RAÚL VELÁZQUEZ TORRES | N46: =B10 -> VALADEZ VARGAS ALEJANDRO
C47: NOMBRE Y FIRMA DEL DIRECTOR ACADÉMICO | N47: NOMBRE Y FIRMA DE LA PROFESORA O PROFESOR

Sheet VARELA OLMOS VIOLETA
B1: UNIVERSIDAD TECNOLÓGICA FIDEL VELÁZQUEZ
B2: SECRETARÍA ACADÉMICA
B3: CARGA HORARIA PROFESOR DE ASIGNATURA
I5: NOMBRE DE LA DIVISIÓN: TELEMÁTICA
I6: PERIODO CUATRIMESTRAL: (MAYO - AGOSTO 2025) 2025-2
I7: VIGENCIA APARTIR DE: 01/05/2025 AL 30/08/2025
B10: VARELA OLMOS VIOLETA | N10: MAESTRÍA
B11: NOMBRE DE LA PROFESORA O PROFESOR | N11: PROFESIÓN Y GRADO MÁXIMO DE ESTUDIOS
B13: DISTRIBUCIÓN DE HORAS AL CUATRIMESTRE
B14: DOCENCIA | D14: FRENTE A GRUPO | H14: ASIGNATURA | L14: CLAVE | M14: GRUPO | N14: HORAS/SEMANA/MES | R14: HORAS TOTALES POR SEMANA**
L15: {=INDEX(z_3_Materias!B2:B508, MATCH(H15, z_3_Materias!A2:A508, 0))} -> 0 | N15: {=INDEX(z_3_Materias!D2:D508, MATCH(H15, z_3_Materias!A2:A508, 0))} -> 0 | R15: =SUM(N15:Q23) -> 0 | T15: =H15&" "&M15
L16: {=INDEX(z_3_Materias!B2:B508, MATCH(H16, z_3_Materias!A2:A508, 0))} -> 0 | N16: {=INDEX(z_3_Materias!D2:D508, MATCH(H16, z_3_Materias!A2:A508, 0))} -> 0 | T16: =H16&" "&M16
N17: {=INDEX(z_3_Materias!D2:D508, MATCH(H17, z_3_Materias!A2:A508, 0))} -> 0 | T17: =H17&" "&M17
N18: {=INDEX(z_3_Materias!D2:D508, MATCH(H18, z_3_Materias!A2:A508, 0))} -> 0 | T18: =H18&" "&M18
L19: {=INDEX(z_3_Materias!B2:B508, MATCH(H19, z_3_Materias!A2:A508, 0))} -> 0 | N19: {=INDEX(z_3_Materias!D2:D508, MATCH(H19, z_3_Materias!A2:A508, 0))} -> 0 | T19: =H19&" "&M19
L20: {=INDEX(z_3_Materias!B2:B508, MATCH(H20, z_3_Materias!A2:A508, 0))} -> 0 | N20: {=INDEX(z_3_Materias!D2:D508, MATCH(H20, z_3_Materias!A2:A508, 0))} -> 0 | T20: =H20&" "&M20
L21: {=INDEX(z_3_Materias!B2:B508, MATCH(H21, z_3_Materias!A2:A508, 0))} -> 0 | N21: {=INDEX(z_3_Materias!D2:D508, MATCH(H21, z_3_Materias!A2:A508, 0))} -> 0 | T21: =H21&" "&M21
L22: {=INDEX(z_3_Materias!B2:B508, MATCH(H22, z_3_Materias!A2:A508, 0))} -> 0 | N22: {=INDEX(z_3_Materias!D2:D508, MATCH(H22, z_3_Materias!A2:A508, 0))} -> 0 | T22: =H22&" "&M22
L23: {=INDEX(z_3_Materias!B2:B508, MATCH(H23, z_3_Materias!A2:A508, 0))} -> 0 | N23: {=INDEX(z_3_Materias!D2:D508, MATCH(H23, z_3_Materias!A2:A508, 0))} -> 0 | T23: =H23&" "&M23
B25: HORARIO SEMANAL*11)
B26: DISTRIBUCIÓN DE HORAS | H26: LUNES | J26: MARTES | L26: MIERCOLES | N26: JUEVES | P26: VIERNES | R26: SÁBADO
B27: 07:00 A 08:00
B28: 08:00 A 09:00
B29: 09:00 A 10:00
B30: 10:00 A 11:00
B31: 11:00 A 12:00
B32: 12:00 A 13:00
B33: 13:00 A 14:00
B34: 14:00 A 15:00
B35: 15:00 A 16:00
B36: 16:00 A 17:00
B37: 17:00 A 18:00
B38: 18:00 A 19:00
... B41: 21:00 A 22:00
C46: MTRO. LUIS DANIEL VARGAS GUTIÉRREZ | N46: =B10 -> VARELA OLMOS VIOLETA
C47: DIRECTOR DE LA DIVISIÓN ACADÉMICA DE CONTABILIDAD CORPORATIVA | N47: NOMBRE Y FIRMA DE LA PROFESORA O PROFESOR
C50: MTRO. OLIVER RAÚL VELÁZQUEZ TORRES
C52: DIRECTOR DE LA DIVISIÓN ACADÉMICA DE TELEMÁTICA

Sheet VILLA CUETO MA. ISABEL
B1: UNIVERSIDAD TECNOLÓGICA FIDEL VELÁZQUEZ
B2: SECRETARÍA ACADÉMICA
B3: CARGA HORARIA PROFESOR DE ASIGNATURA
I5: NOMBRE DE LA DIVISIÓN: TELEMÁTICA
I6: PERIODO CUATRIMESTRAL: (MAYO - AGOSTO 2025) 2025-2
I7: VIGENCIA APARTIR DE: 01/05/2025 AL 30/08/2025
B10: VILLA CUETO MA. ISABEL | N10: MAESTRÍA
B11: NOMBRE DE LA PROFESORA O PROFESOR | N11: PROFESIÓN Y GRADO MÁXIMO DE ESTUDIOS
B13: DISTRIBUCIÓN DE HORAS AL CUATRIMESTRE
B14: DOCENCIA | D14: FRENTE A GRUPO | H14: ASIGNATURA | L14: CLAVE | M14: GRUPO | N14: HORAS/SEMANA/MES | R14: HORAS TOTALES POR SEMANA**
L15: {=INDEX(z_3_Materias!B2:B508, MATCH(H15, z_3_Materias!A2:A508, 0))} -> 0 | N15: {=INDEX(z_3_Materias!D2:D508, MATCH(H15, z_3_Materias!A2:A508, 0))} -> 0 | R15: =SUM(N15:Q23) -> 0 | T15: =H15&" "&M15
L16: {=INDEX(z_3_Materias!B2:B508, MATCH(H16, z_3_Materias!A2:A508, 0))} -> 0 | N16: {=INDEX(z_3_Materias!D2:D508, MATCH(H16, z_3_Materias!A2:A508, 0))} -> 0 | T16: =H16&" "&M16
L17: {=INDEX(z_3_Materias!B2:B508, MATCH(H17, z_3_Materias!A2:A508, 0))} -> 0 | N17: {=INDEX(z_3_Materias!D2:D508, MATCH(H17, z_3_Materias!A2:A508, 0))} -> 0 | T17: =H17&" "&M17
T18: =H18&" "&M18
L19: {=INDEX(z_3_Materias!B2:B508, MATCH(H19, z_3_Materias!A2:A508, 0))} -> 0 | N19: {=INDEX(z_3_Materias!D2:D508, MATCH(H19, z_3_Materias!A2:A508, 0))} -> 0 | T19: =H19&" "&M19
L20: {=INDEX(z_3_Materias!B2:B508, MATCH(H20, z_3_Materias!A2:A508, 0))} -> 0 | N20: {=INDEX(z_3_Materias!D2:D508, MATCH(H20, z_3_Materias!A2:A508, 0))} -> 0 | T20: =H20&" "&M20
L21: {=INDEX(z_3_Materias!B2:B508, MATCH(H21, z_3_Materias!A2:A508, 0))} -> 0 | N21: {=INDEX(z_3_Materias!D2:D508, MATCH(H21, z_3_Materias!A2:A508, 0))} -> 0 | T21: =H21&" "&M21
L22: {=INDEX(z_3_Materias!B2:B508, MATCH(H22, z_3_Materias!A2:A508, 0))} -> 0 | N22: {=INDEX(z_3_Materias!D2:D508, MATCH(H22, z_3_Materias!A2:A508, 0))} -> 0 | T22: =H22&" "&M22
L23: {=INDEX(z_3_Materias!B2:B508, MATCH(H23, z_3_Materias!A2:A508, 0))} -> 0 | N23: {=INDEX(z_3_Materias!D2:D508, MATCH(H23, z_3_Materias!A2:A508, 0))} -> 0 | T23: =H23&" "&M23
B25: HORARIO SEMANAL*11)
B26: DISTRIBUCIÓN DE HORAS | H26: LUNES | J26: MARTES | L26: MIERCOLES | N26: JUEVES | P26: VIERNES | R26: SÁBADO
B27: 07:00 A 08:00
B28: 08:00 A 09:00
B29: 09:00 A 10:00
B30: 10:00 A 11:00
B31: 11:00 A 12:00
B32: 12:00 A 13:00
B33: 13:00 A 14:00
B34: 14:00 A 15:00
B35: 15:00 A 16:00
B36: 16:00 A 17:00
B37: 17:00 A 18:00
B38: 18:00 A 19:00
... B41: 21:00 A 22:00
C46: MTRO. OLIVER RAÚL VELÁZQUEZ TORRES | N46: =B10 -> VILLA CUETO MA. ISABEL
C47: NOMBRE Y FIRMA DEL DIRECTOR ACADÉMICO | N47: NOMBRE Y FIRMA DE LA PROFESORA O PROFESOR

Sheet ZAMACONA PRADO NAYELI
B1: UNIVERSIDAD TECNOLÓGICA FIDEL VELÁZQUEZ
B2: SECRETARÍA ACADÉMICA
B3: CARGA HORARIA PROFESOR DE ASIGNATURA
I5: NOMBRE DE LA DIVISIÓN: TELEMÁTICA
I6: PERIODO CUATRIMESTRAL: (MAYO - AGOSTO 2025) 2025-2
I7: VIGENCIA APARTIR DE: 01/05/2025 AL 30/08/2025
B10: ZAMACONA PRADO NAYELI | N10: MAESTRÍA
B11: NOMBRE DE LA PROFESORA O PROFESOR | N11: PROFESIÓN Y GRADO MÁXIMO DE ESTUDIOS
B13: DISTRIBUCIÓN DE HORAS AL CUATRIMESTRE
B14: DOCENCIA | D14: FRENTE A GRUPO | H14: ASIGNATURA | L14: CLAVE | M14: GRUPO | N14: HORAS/SEMANA/MES | R14: HORAS TOTALES POR SEMANA**
R15: =SUM(N15:Q23) -> 0 | T15: =H15&" "&M15
L16: {=INDEX(z_3_Materias!B2:B508, MATCH(H16, z_3_Materias!A2:A508, 0))} -> 0 | N16: {=INDEX(z_3_Materias!D2:D508, MATCH(H16, z_3_Materias!A2:A508, 0))} -> 0 | T16: =H16&" "&M16
L17: {=INDEX(z_3_Materias!B2:B508, MATCH(H17, z_3_Materias!A2:A508, 0))} -> 0 | N17: {=INDEX(z_3_Materias!D2:D508, MATCH(H17, z_3_Materias!A2:A508, 0))} -> 0 | T17: =H17&" "&M17
L18: {=INDEX(z_3_Materias!B2:B508, MATCH(H18, z_3_Materias!A2:A508, 0))} -> 0 | N18: {=INDEX(z_3_Materias!D2:D508, MATCH(H18, z_3_Materias!A2:A508, 0))} -> 0 | T18: =H18&" "&M18
L19: {=INDEX(z_3_Materias!B2:B508, MATCH(H19, z_3_Materias!A2:A508, 0))} -> 0 | N19: {=INDEX(z_3_Materias!D2:D508, MATCH(H19, z_3_Materias!A2:A508, 0))} -> 0 | T19: =H19&" "&M19
L20: {=INDEX(z_3_Materias!B2:B508, MATCH(H20, z_3_Materias!A2:A508, 0))} -> 0 | N20: {=INDEX(z_3_Materias!D2:D508, MATCH(H20, z_3_Materias!A2:A508, 0))} -> 0 | T20: =H20&" "&M20
L21: {=INDEX(z_3_Materias!B2:B508, MATCH(H21, z_3_Materias!A2:A508, 0))} -> 0 | N21: {=INDEX(z_3_Materias!D2:D508, MATCH(H21, z_3_Materias!A2:A508, 0))} -> 0 | T21: =H21&" "&M21
L22: {=INDEX(z_3_Materias!B2:B508, MATCH(H22, z_3_Materias!A2:A508, 0))} -> 0 | N22: {=INDEX(z_3_Materias!D2:D508, MATCH(H22, z_3_Materias!A2:A508, 0))} -> 0 | T22: =H22&" "&M22
L23: {=INDEX(z_3_Materias!B2:B508, MATCH(H23, z_3_Materias!A2:A508, 0))} -> 0 | N23: {=INDEX(z_3_Materias!D2:D508, MATCH(H23, z_3_Materias!A2:A508, 0))} -> 0 | T23: =H23&" "&M23
B25: HORARIO SEMANAL*11)
B26: DISTRIBUCIÓN DE HORAS | H26: LUNES | J26: MARTES | L26: MIERCOLES | N26: JUEVES | P26: VIERNES | R26: SÁBADO
B27: 07:00 A 08:00
B28: 08:00 A 09:00
B29: 09:00 A 10:00
B30: 10:00 A 11:00
B31: 11:00 A 12:00
B32: 12:00 A 13:00
B33: 13:00 A 14:00
B34: 14:00 A 15:00
B35: 15:00 A 16:00
B36: 16:00 A 17:00
B37: 17:00 A 18:00
B38: 18:00 A 19:00
... B41: 21:00 A 22:00
C46: MTRO. OLIVER RAÚL VELÁZQUEZ TORRES | N46: =B10 -> ZAMACONA PRADO NAYELI
C47: NOMBRE Y FIRMA DEL DIRECTOR ACADÉMICO | N47: NOMBRE Y FIRMA DE LA PROFESORA O PROFESOR

Sheet z_1_PLANTILLA
B1: UNIVERSIDAD TECNOLÓGICA FIDEL VELÁZQUEZ
B2: SECRETARÍA ACADÉMICA
B3: CARGA HORARIA PROFESOR DE ASIGNATURA
I5: NOMBRE DE LA DIVISIÓN: TELEMÁTICA
I6: PERIODO CUATRIMESTRAL: (MAYO - AGOSTO 2025) 2025-2
I7: VIGENCIA APARTIR DE: 01/05/2025 AL 30/08/2025
N10: MAESTRÍA
B11: NOMBRE DE LA PROFESORA O PROFESOR | N11: PROFESIÓN Y GRADO MÁXIMO DE ESTUDIOS
B13: DISTRIBUCIÓN DE HORAS AL CUATRIMESTRE
B14: DOCENCIA | D14: FRENTE A GRUPO | H14: ASIGNATURA | L14: CLAVE | M14: GRUPO | N14: HORAS/SEMANA/MES | R14: HORAS TOTALES POR SEMANA**
L15: {=INDEX(z_3_Materias!B2:B508, MATCH(H15, z_3_Materias!A2:A508, 0))} -> 0 | N15: {=INDEX(z_3_Materias!D2:D508, MATCH(H15, z_3_Materias!A2:A508, 0))} -> 0 | R15: =SUM(N15:Q23) -> 0 | T15: =H15&" "&M15
L16: {=INDEX(z_3_Materias!B2:B508, MATCH(H16, z_3_Materias!A2:A508, 0))} -> 0 | N16: {=INDEX(z_3_Materias!D2:D508, MATCH(H16, z_3_Materias!A2:A508, 0))} -> 0 | T16: =H16&" "&M16
L17: {=INDEX(z_3_Materias!B2:B508, MATCH(H17, z_3_Materias!A2:A508, 0))} -> 0 | N17: {=INDEX(z_3_Materias!D2:D508, MATCH(H17, z_3_Materias!A2:A508, 0))} -> 0 | T17: =H17&" "&M17
L18: {=INDEX(z_3_Materias!B2:B508, MATCH(H18, z_3_Materias!A2:A508, 0))} -> 0 | N18: {=INDEX(z_3_Materias!D2:D508, MATCH(H18, z_3_Materias!A2:A508, 0))} -> 0 | T18: =H18&" "&M18
L19: {=INDEX(z_3_Materias!B2:B508, MATCH(H19, z_3_Materias!A2:A508, 0))} -> 0 | N19: {=INDEX(z_3_Materias!D2:D508, MATCH(H19, z_3_Materias!A2:A508, 0))} -> 0 | T19: =H19&" "&M19
L20: {=INDEX(z_3_Materias!B2:B508, MATCH(H20, z_3_Materias!A2:A508, 0))} -> 0 | N20: {=INDEX(z_3_Materias!D2:D508, MATCH(H20, z_3_Materias!A2:A508, 0))} -> 0 | T20: =H20&" "&M20
L21: {=INDEX(z_3_Materias!B2:B508, MATCH(H21, z_3_Materias!A2:A508, 0))} -> 0 | N21: {=INDEX(z_3_Materias!D2:D508, MATCH(H21, z_3_Materias!A2:A508, 0))} -> 0 | T21: =H21&" "&M21
L22: {=INDEX(z_3_Materias!B2:B508, MATCH(H22, z_3_Materias!A2:A508, 0))} -> 0 | N22: {=INDEX(z_3_Materias!D2:D508, MATCH(H22, z_3_Materias!A2:A508, 0))} -> 0 | T22: =H22&" "&M22
L23: {=INDEX(z_3_Materias!B2:B508, MATCH(H23, z_3_Materias!A2:A508, 0))} -> 0 | N23: {=INDEX(z_3_Materias!D2:D508, MATCH(H23, z_3_Materias!A2:A508, 0))} -> 0 | T23: =H23&" "&M23
B25: HORARIO SEMANAL*11)
B26: DISTRIBUCIÓN DE HORAS | H26: LUNES | J26: MARTES | L26: MIERCOLES | N26: JUEVES | P26: VIERNES | R26: SÁBADO
B27: 07:00 A 08:00
B28: 08:00 A 09:00
B29: 09:00 A 10:00
B30: 10:00 A 11:00
B31: 11:00 A 12:00
B32: 12:00 A 13:00
B33: 13:00 A 14:00
B34: 14:00 A 15:00
B35: 15:00 A 16:00
B36: 16:00 A 17:00
B37: 17:00 A 18:00
B38: 18:00 A 19:00
... B41: 21:00 A 22:00
C46: MTRO. OLIVER RAÚL VELÁZQUEZ TORRES | N46: =B10
C47: NOMBRE Y FIRMA DEL DIRECTOR ACADÉMICO | N47: NOMBRE Y FIRMA DE LA PROFESORA O PROFESOR

Sheet z_2_Maestros
A1: id | B1: nombre | C1: cargo | D1: div | E1: uGradoEtudios
A2: 1 | B2: ALFARO LINARES SANDRA | C2: PA | D2: RT
A3: 2 | B3: BAEZA FLORES MARIA DEL CARMEN | C3: PA | D3: RT
A4: 3 | B4: BLANCAS BASILIO CARLOS | C4: PA | D4: TIC / RT
B5: CRUZ GARCIA MISAEL | C5: PA | D5: RT
A6: 4 | B6: GARCIA GONZALEZ NORA | C6: PA | D6: TIC / RT
A7: 5 | B7: GARCIA TRINIDAD ENRIQUE | C7: PA | D7: RT
A8: 6 | B8: GOMEZ GONZALEZ ARTURO | C8: PA | D8: RT
A9: 7 | B9: GOMEZ GONZALEZ JORGE | C9: PA | D9: RT
A10: 8 | B10: GONZALEZ GARCIA VERONICA | C10: PA | D10: RT
A11: 9 | B11: HERNANDEZ CRUZ MARIA GUADALUPE | C11: PA | D11: RT
A12: 10 | B12: IBARRA VAZQUEZ JESSICA DANIELA | C12: PA | D12: RT
A13: 11 | B13: INFANTE DE LA FUENTE JUAN GABRIEL | C13: PA | D13: TIC / RT
A14: 12 | B14: ISLAS GONZALEZ YUNUEN | C14: PA | D14: RT
A15: 13 | B15: LANDIN HERREJON JOSE LUIS GUSTAVO | C15: PA | D15: RT
A16: 14 | B16: LIMA ARRONA FERNANDO | C16: PA | D16: RT
A17: 15 | B17: MALDONADO GUERRERO ALHAN GERARD | C17: PA | D17: RT
... A38: 36 | B38: ZAMACONA PRADO NAYELI | C38: PA | D38: RT
A39: 37 | B39: BASTIDA MIRANDA JULIO | C39: PTC
A40: 38 | B40: CASAS GOMEZ VICTOR MANUEL | C40: PTC
A41: 39 | B41: DESCHAMPS SOLORZANO JOSE ALEJANDRO | C41: PTC
A42: 40 | B42: ESPINOSA JIMENEZ MARIA MARGARITA | C42: PTC
A43: 41 | B43: GARCIA ROMERO LUIS ANGEL | C43: PTC
A44: 42 | B44: HERNANDEZ JIMENEZ ARTURO | C44: PTC
A45: 43 | B45: HIDALGO BAEZA MARIA DEL CARMEN | C45: PTC
A46: 44 | B46: MARQUEZ SANCHEZ DANIEL MAURICIO | C46: PTC
A47: 45 | B47: MONDRAGON DIEGO JOSE LUIS | C47: PTC
A48: 46 | B48: MORENO LOAIZA CAROLINA | C48: PTC
A49: 47 | B49: OLMOS ZARIÑAN GRISELDA | C49: PTC
A50: 48 | B50: TELLEZ VELAZQUEZ SERGIO | C50: PTC
... A206: 204 | B206: CALLEJA AGUILAR MARIA ISABEL | C206: PA

Sheet z_3_Materias
A1: name | B1: codigo | C1: cuatri | D1: hsm
A2: Inglés I. | B2: 24CD001 | C2: 1 | D2: 5 | E2: Nuevo
A3: Desarrollo Humano y Valores. | B3: 24CD002 | C3: 1 | D3: 4 | E3: Nuevo
A4: Fundamentos Matemáticos. | B4: 24CD003 | C4: 1 | D4: 7 | E4: Nuevo
A5: Física. | B5: 24CD004 | C5: 1 | D5: 6 | E5: Nuevo
A6: Fundamentos de Algoritmos. | B6: 24CD005 | C6: 1 | D6: 4 | E6: Nuevo
A7: Introducción a la Ingeniería de Datos. | B7: 24CD006 | C7: 1 | D7: 4 | E7: Nuevo
A8: Comunicación y Habilidades Digitales. | B8: 24CD007 | C8: 1 | D8: 5 | E8: Nuevo
A9: Tutoría I. | C9: 1 | D9: 1 | E9: Nuevo
A10: Actividades Culturales y Deportivas I. | C10: 1 | D10: 2 | E10: Nuevo
A11: Inglés II. | B11: 24CD008 | C11: 2 | D11: 5 | E11: Nuevo
A12: Habilidades Socioemocionales y Manejo de Conflictos. | B12: 24CD009 | C12: 2 | D12: 4 | E12: Nuevo
A13: Cálculo Diferencial. | B13: 24CD010 | C13: 2 | D13: 6 | E13: Nuevo
A14: Programación. | B14: 24CD011 | C14: 2 | D14: 6 | E14: Nuevo
A15: Probabilidad y Estadística. | B15: 24CD012 | C15: 2 | D15: 5 | E15: Nuevo
A16: Matemáticas Discretas. | B16: 24CD013 | C16: 2 | D16: 5 | E16: Nuevo
A17: Arquitectura de Computadoras y Servidores. | B17: 24CD014 | C17: 2 | D17: 4 | E17: Nuevo
A18: Tutoría II. | C18: 2 | D18: 1 | E18: Nuevo
A19: Actividades Culturales y Deportivas II. | C19: 2 | D19: 2 | E19: Nuevo
A20: Inglés III* | B20: 24CD015 | C20: 3 | D20: 5 | E20: Nuevo
A21: Desarrollo del Pensamiento y Toma de Decisiones* | B21: 24CD016 | C21: 3 | D21: 4 | E21: Nuevo
A22: Cálculo Integral* | B22: 24CD017 | C22: 3 | D22: 4 | E22: Nuevo
A23: Estructura de Datos* | B23: 24CD018 | C23: 3 | D23: 6 | E23: Nuevo
A24: Procesamiento de Datos* | B24: 24CD019 | C24: 3 | D24: 6 | E24: Nuevo
A25: Modelos Estadísticos* | B25: 24CD020 | C25: 3 | D25: 6 | E25: Nuevo
A26: Proyecto Integrador I* | B26: 24CD021 | C26: 3 | D26: 4 | E26: Nuevo
A27: Tutoría III* | C27: 3 | D27: 1 | E27: Nuevo
A28: Actividades Culturales y Deportivas III* | C28: 3 | D28: 2 | E28: Nuevo
A29: Inglés I. | B29: 24DAD001 | C29: 1 | D29: 5 | E29: Nuevo
A30: Desarrollo Humano y Valores._ | B30: 24DAD002 | C30: 1 | D30: 4 | E30: Nuevo
A31: Fundamentos Matemáticos._ | B31: 24DAD003 | C31: 1 | D31: 7 | E31: Nuevo
A32: Fundamentos de Diseño y del Lenguaje Visual._ | B32: 24DAD004 | C32: 1 | D32: 7 | E32: Nuevo
A33: Representación Visual._ | B33: 24DAD005 | C33: 1 | D33: 4 | E33: Nuevo
A34: Comunicación Gráfica._ | B34: 24DAD006 | C34: 1 | D34: 3 | E34: Nuevo
A35: Comunicación y Habilidades Digitales._ | B35: 24DAD007 | C35: 1 | D35: 5 | E35: Nuevo
A36: Tutoría I. | C36: 1 | D36: 1 | E36: Nuevo
A37: Actividades Culturales y Deportivas I. | C37: 1 | D37: 2 | E37: Nuevo
A38: Inglés II. | B38: 24DAD008 | C38: 2 | D38: 5 | E38: Nuevo
A39: Habilidades Socioemocionales y Manejo de Conflictos._ | B39: 24DAD009 | C39: 2 | D39: 4 | E39: Nuevo
A40: Geometría Descriptiva. | B40: 24DAD010 | C40: 2 | D40: 5 | E40: Nuevo
A41: Ilustración Digital. | B41: 24DAD011 | C41: 2 | D41: 6 | E41: Nuevo
A42: Modelado Manual. | B42: 24DAD012 | C42: 2 | D42: 5 | E42: Nuevo
A43: Representación Geométrica. | B43: 24DAD013 | C43: 2 | D43: 7 | E43: Nuevo
A44: Mercadotecnia. | B44: 24DAD014 | C44: 2 | D44: 3 | E44: Nuevo
A45: Tutoría II. | C45: 2 | D45: 1 | E45: Nuevo
A46: Actividades Culturales y Deportivas II. | C46: 2 | D46: 2 | E46: Nuevo
A47: Inglés III** | B47: 24DAD015 | C47: 3 | D47: 5 | E47: Nuevo
A48: Desarrollo del Pensamiento y Toma de Decisiones** | B48: 24DAD016 | C48: 3 | D48: 4 | E48: Nuevo
A49: Prototipos y Software 3D** | B49: 24DAD017 | C49: 3 | D49: 6 | E49: Nuevo
A50: Ilustración para Animación** | B50: 24DAD018 | C50: 3 | D50: 6 | E50: Nuevo
A51: Proceso de Diseño** | B51: 24DAD019 | C51: 3 | D51: 5 | E51: Nuevo
A52: Guionismo y Storyboard** | B52: 24DAD020 | C52: 3 | D52: 5 | E52: Nuevo
A53: Proyecto Integrador I** | B53: 24DAD021 | C53: 3 | D53: 4 | E53: Nuevo
A54: Tutoría III** | C54: 3 | D54: 1 | E54: Nuevo
A55: Actividades Culturales y Deportivas III** | C55: 3 | D55: 2 | E55: Nuevo
A56: Proceso Administrativo | B56: 18DDA017 | C56: 3 | D56: 3 | E56: Anterior
A57: Costos | B57: 18DDA018 | C57: 3 | D57: 3 | E57: Anterior
A58: Ilustración II | B58: 18DDA019 | C58: 3 | D58: 5 | E58: Anterior
A59: Fotografía Digital | B59: 18DDA020 | C59: 3 | D59: 7 | E59: Anterior
A60: Mercadotecnia | B60: 18DDA021 | C60: 3 | D60: 4 | E60: Anterior
A61: Software CAD | B61: 18DDA022 | C61: 3 | D61: 6 | E61: Anterior
A62: Inglés III | B62: 18DDA023 | C62: 3 | D62: 4 | E62: Anterior
A63: Formación Sociocultural III | B63: 18DDA024 | C63: 3 | D63: 2 | E63: Anterior
A64: Física | B64: 18DDA025 | C64: 4 | D64: 4 | E64: Anterior
A65: Animación en 2D | B65: 18DDA026 | C65: 4 | D65: 5 | E65: Anterior
A66: Guionismo y Storyboard | B66: 18DDA027 | C66: 4 | D66: 4 | E66: Anterior
A67: Prototipos | B67: 18DDA028 | C67: 4 | D67: 5 | E67: Anterior
... A109: Comunicación y Habilidades Digitales. | B109: 24IRD007 | C109: 1 | D109: 5 | E109: Nuevo
A110: Tutoría II. | C110: 1 | D110: 1 | E110: Nuevo
A111: Actividades Culturales y Deportivas II. | C111: 1 | D111: 2 | E111: Nuevo
A112: Inglés II. | B112: 24IRD008 | C112: 2 | D112: 5 | E112: Nuevo
A113: Habilidades Socioemocionales y Manejo de Conflictos | B113: 24IRD009 | C113: 2 | D113: 4 | E113: Nuevo
A114: Cálculo Diferencial. | B114: 24IRD010 | C114: 2 | D114: 6 | E114: Nuevo
A115: Conmutación y Enrutamiento de Redes. | B115: 24IRD011 | C115: 2 | D115: 5 | E115: Nuevo
A116: Probabilidad y Estadística. | B116: 24IRD012 | C116: 2 | D116: 5 | E116: Nuevo
A117: Programación Estructurada. | B117: 24IRD013 | C117: 2 | D117: 5 | E117: Nuevo
A118: Sistemas Operativos. | B118: 24IRD014 | C118: 2 | D118: 5 | E118: Nuevo
A119: Tutoría II. | C119: 2 | D119: 1 | E119: Nuevo
A120: Actividades Culturales y Deportivas II. | C120: 2 | D120: 2 | E120: Nuevo
A121: Inglés III_ | B121: 24IRD015 | C121: 3 | D121: 5 | E121: Nuevo
A122: Desarrollo del Pensamiento y Toma de Decisiones_ | B122: 24IRD016 | C122: 3 | D122: 4 | E122: Nuevo
A123: Cálculo Integral_ | B123: 24IRD017 | C123: 3 | D123: 4 | E123: Nuevo
A124: Tópicos de Calidad para el Diseño de Software_ | B124: 24IRD018 | C124: 3 | D124: 6 | E124: Nuevo
A125: Bases de Datos_ | B125: 24IRD019 | C125: 3 | D125: 5 | E125: Nuevo
A126: Programación Orientada a Objetos_ | B126: 24IRD020 | C126: 3 | D126: 7 | E126: Nuevo
A127: Proyecto Integrador I_ | B127: 24IRD021 | C127: 3 | D127: 4 | E127: Nuevo
A128: Tutoría III_ | C128: 3 | D128: 1 | E128: Nuevo
A129: Actividades Culturales y Deportivas III_ | C129: 3 | D129: 2 | E129: Nuevo
A130: Cálculo Diferencial | B130: 18IRD017 | C130: 3 | D130: 4 | E130: Anterior
A131: Conmutación de Redes de Datos | B131: 18IRD018 | C131: 3 | D131: 6 | E131: Anterior
A132: Infraestructura de Redes de Datos | B132: 18IRD019 | C132: 3 | D132: 6 | E132: Anterior
A133: Sistemas Operativos | B133: 18IRD020 | C133: 3 | D133: 5 | E133: Anterior
A134: Aplicaciones Web | B134: 18IRD021 | C134: 3 | D134: 6 | E134: Anterior
A135: Integradora I | B135: 18IRD022 | C135: 3 | D135: 2 | E135: Anterior
A136: Inglés III | B136: 18IRD023 | C136: 3 | D136: 4 | E136: Anterior
A137: Formación Sociocultural III | B137: 18IRD024 | C137: 3 | D137: 2 | E137: Anterior
A138: Probabilidad y Estadística | B138: 18IRD025 | C138: 4 | D138: 5 | E138: Anterior
A139: Electrónica para IDC | B139: 18IRD026 | C139: 4 | D139: 6 | E139: Anterior
A140: Conexión de Redes Wan | B140: 18IRD027 | C140: 4 | D140: 6 | E140: Anterior
A141: Administración de Servidores I | B141: 18IRD028 | C141: 4 | D141: 6 | E141: Anterior
...
