Workbook

Sheet CD201
D1: }
A3: UNIVERSIDAD TECNOLÓGICA FIDEL VELÁZQUEZ
A5: División Académica de Telemática
A6: Carrera en Ciencia de Datos
A7: Horario de Grupo
A8: Cuatrimestre: Enero - Abril | E8: GRUPO: CD201
A9: Período: 2025-1 | C9: TUTOR: BASTIDA MIRANDA JULIO
A12: Hora | B12: Lunes | C12: Martes | D12: Miércoles | E12: Jueves | F12: Viernes | G12: Sábado
A13: 07:00 08:00 | B13: Habilidades Socioemocionales y Manejo de Conflictos. - M103 | C13: Programación. - M108 | D13: Programación. - M108 | E13: Programación. - M108 | F13: Actividades Culturales y Deportivas II
A14: 08:00 09:00 | B14: Habilidades Socioemocionales y Manejo de Conflictos. - M103 | C14: Programación. - M108 | D14: Programación. - M108 | E14: Programación. - M108 | F14: Actividades Culturales y Deportivas II
A15: 09:00 10:00 | B15: Tutoría II. - M103 | C15: Cálculo Diferencial. - M103 | D15: Cálculo Diferencial. - M103 | E15: Habilidades Socioemocionales y Manejo de Conflictos. - M103 | F15: Habilidades Socioemocionales y Manejo de Conflictos. - M103
A16: 10:00 11:00 | B16: Inglés II | C16: Inglés II | D16: Inglés II | E16: Inglés II | F16: Inglés II
A17: 11:00 12:00 | B17: Matemáticas Discretas. - M103 | C17: Arquitectura de Computadoras y Servidores. - M107 | D17: Matemáticas Discretas. - M103 | E17: Matemáticas Discretas. - M103 | F17: Matemáticas Discretas. - M103
A18: 12:00 13:00 | B18: Cálculo Diferencial. - M103 | C18: Arquitectura de Computadoras y Servidores. - M107 | D18: Probabilidad y Estadística. - M108 | E18: Matemáticas Discretas. - M103 | F18: Probabilidad y Estadística. - M108
A19: 13:00 14:00 | B19: Cálculo Diferencial. - M103 | C19: Arquitectura de Computadoras y Servidores. - M107 | D19: Probabilidad y Estadística. - M108 | E19: Arquitectura de Computadoras y Servidores. - M103 | F19: Probabilidad y Estadística. - M108
A20: 14:00 15:00 | D20: Probabilidad y Estadística. - M108 | E20: Cálculo Diferencial. - M103 | F20: Cálculo Diferencial. - M103
A21: 15:00 16:00
A22: 16:00 17:00
A23: 17:00 18:00
A24: 18:00 19:00
A25: 19:00 20:00
A26: 20:00 21:00
A27: 21:00 22:00
A28: Horario generado: | G28: asc Horarios.
A29: Asignatura | D29: Horas | E29: Profesores
A30: Inglés II. | D30: =VLOOKUP(A30, Materias!A2:C180, 3, FALSE) -> 5 | E30: COORDINACIÓN DE INGLES
A31: Habilidades Socioemocionales y Manejo de Conflictos. | D31: =VLOOKUP(A31, Materias!A2:C180, 3, FALSE) -> 4 | E31: OLMOS OLALDE VICTOR HUGO
A32: Cálculo Diferencial. | D32: =VLOOKUP(A32, Materias!A2:C180, 3, FALSE) -> 6 | E32: BASTIDA MIRANDA JULIO
A33: Programación. | D33: =VLOOKUP(A33, Materias!A2:C180, 3, FALSE) -> 6 | E33: LIMA ARRONA FERNANDO
A34: Probabilidad y Estadística. | D34: =VLOOKUP(A34, Materias!A2:C180, 3, FALSE) -> 5 | E34: RODRIGUEZ RIVERA NAYELI BERENICE
A35: Matemáticas Discretas. | D35: =VLOOKUP(A35, Materias!A2:C180, 3, FALSE) -> 5 | E35: VARELA OLMOS VIOLETA
A36: Arquitectura de Computadoras y Servidores. | D36: =VLOOKUP(A36, Materias!A3:C181, 3, FALSE) -> 4 | E36: RODRIGUEZ SANCHEZ LUIS FERNANDO
A37: Tutoría II. | D37: =VLOOKUP(A37, Materias!A4:C182, 3, FALSE) -> 1 | E37: BASTIDA MIRANDA JULIO
A38: Actividades Culturales y Deportivas II. | D38: =VLOOKUP(A38, Materias!A2:C180, 3, FALSE) -> 2 | E38: COORDINACIÓN DE DEPORTES
A39: Sesiones/Semana | D39: =SUM(D30:D38) -> 38
A41: Director de la División Académica de Telemática Nombre y Firma del Director (a) de la División Académica
A42: Mtro. Oliver Raúl Velázquez Torres

Sheet IRD201
D1: }
A3: UNIVERSIDAD TECNOLÓGICA FIDEL VELÁZQUEZ
A5: División Académica de Telemática
A6: Carrera en Infraestructura de Redes Digitales
A7: Horario de Grupo
A8: Cuatrimestre: Enero - Abril | E8: GRUPO: IRD201
A9: Período: 2025-1 | C9: TUTOR: HIDALGO BAEZA MARIA DEL CARMEN
A12: Hora | B12: Lunes | C12: Martes | D12: Miércoles | E12: Jueves | F12: Viernes | G12: Sábado
A13: 07:00 08:00 | B13: Probabilidad y Estadística. - M101 | C13: Probabilidad y Estadística. - M101 | D13: Probabilidad y Estadística. - M101 | E13: Conmutación y Enrutamiento de Redes. - M106 | F13: Actividades Culturales y Deportivas II
A14: 08:00 09:00 | B14: Probabilidad y Estadística. - M101 | C14: Probabilidad y Estadística. - M101 | D14: Sistemas Operativos. - M101 | E14: Conmutación y Enrutamiento de Redes. - M106 | F14: Actividades Culturales y Deportivas II
A15: 09:00 10:00 | B15: Habilidades Socioemocionales y Manejo de Conflictos. - M101 | C15: Sistemas Operativos. - M106 | D15: Habilidades Socioemocionales y Manejo de Conflictos. - M101 | E15: Sistemas Operativos. - M106 | F15: Cálculo Diferencial. - M101
A16: 10:00 11:00 | B16: Habilidades Socioemocionales y Manejo de Conflictos. - M101 | C16: Sistemas Operativos. - M106 | D16: Habilidades Socioemocionales y Manejo de Conflictos. - M101 | E16: Sistemas Operativos. - M106 | F16: Cálculo Diferencial. - M101
A17: 11:00 12:00 | B17: Inglés II | C17: Inglés II | D17: Inglés II | E17: Inglés II | F17: Inglés II
A18: 12:00 13:00 | B18: Conmutación y Enrutamiento de Redes. - M106 | C18: Cálculo Diferencial. - M101 | D18: Cálculo Diferencial. - M101 | E18: Cálculo Diferencial. - M101 | F18: Conmutación y Enrutamiento de Redes. - M106
A19: 13:00 14:00 | B19: Conmutación y Enrutamiento de Redes. - M106 | C19: Programación Estructurada. - M106 | D19: Programación Estructurada. - M106 | E19: Cálculo Diferencial. - M101
A20: 14:00 15:00 | B20: Programación Estructurada. - M106 | C20: Programación Estructurada. - M106 | D20: Programación Estructurada. - M106 | E20: Tutoría II. - M101
A21: 15:00 16:00
A22: 16:00 17:00
A23: 17:00 18:00
A24: 18:00 19:00
A25: 19:00 20:00 | D25: |
A26: 20:00 21:00
A27: 21:00 22:00
A28: Horario generado: | G28: asc Horarios.
A29: Asignatura | D29: Horas | E29: Profesores
A30: Inglés II. | D30: =VLOOKUP(A30, Materias!A2:C180, 3, FALSE) -> 5 | E30: COORDINACIÓN DE INGLES
A31: Habilidades Socioemocionales y Manejo de Conflictos. | D31: =VLOOKUP(A31, Materias!A2:C180, 3, FALSE) -> 4 | E31: OLMOS OLALDE VICTOR HUGO
A32: Cálculo Diferencial. | D32: =VLOOKUP(A32, Materias!A2:C180, 3, FALSE) -> 6 | E32: BASTIDA MIRANDA JULIO
A33: Conmutación y Enrutamiento de Redes. | D33: =VLOOKUP(A33, Materias!A2:C180, 3, FALSE) -> 5 | E33: CASAS GOMEZ VICTOR MANUEL
A34: Probabilidad y Estadística. | D34: =VLOOKUP(A34, Materias!A2:C180, 3, FALSE) -> 5 | E34: MONDRAGÓN DIEGO JOSÉ LUIS
A35: Programación Estructurada. | D35: =VLOOKUP(A35, Materias!A2:C180, 3, FALSE) -> 5 | E35: HERNANDEZ JIMENEZ ARTURO
A36: Sistemas Operativos. | D36: =VLOOKUP(A36, Materias!A2:C180, 3, FALSE) -> 5 | E36: HIDALGO BAEZA MARIA DEL CARMEN
A37: Tutoría II. | D37: =VLOOKUP(A37, Materias!A2:C180, 3, FALSE) -> 1 | E37: HIDALGO BAEZA MARIA DEL CARMEN
A38: Actividades Culturales y Deportivas II. | D38: =VLOOKUP(A38, Materias!A2:C180, 3, FALSE) -> 2 | E38: COORDINACIÓN DE DEPORTES
A39: Sesiones/Semana | D39: =SUM(D30:D38) -> 38
A41: Director de la División Académica de Telemática Nombre y Firma del Director (a) de la División Académica
A42: Mtro. Oliver Raúl Velázquez Torres

Sheet IRD202
D1: }
A3: UNIVERSIDAD TECNOLÓGICA FIDEL VELÁZQUEZ
A5: División Académica de Telemática
A6: Carrera en Infraestructura de Redes Digitales
A7: Horario de Grupo
A8: Cuatrimestre: Enero - Abril | E8: GRUPO: IRD202
A9: Período: 2025-1 | C9: TUTOR: MONDRAGÓN DIEGO JOSÉ LUIS
A12: Hora | B12: Lunes | C12: Martes | D12: Miércoles | E12: Jueves | F12: Viernes | G12: Sábado
A13: 07:00 08:00 | B13: Cálculo Diferencial. - M104 | C13: Cálculo Diferencial. - M104 | D13: Habilidades Socioemocionales y Manejo de Conflictos. - M104 | E13: Habilidades Socioemocionales y Manejo de Conflictos. - M104 | F13: Actividades Culturales y Deportivas II
A14: 08:00 09:00 | B14: Cálculo Diferencial. - M104 | C14: Cálculo Diferencial. - M104 | D14: Habilidades Socioemocionales y Manejo de Conflictos. - M104 | E14: Habilidades Socioemocionales y Manejo de Conflictos. - M104 | F14: Actividades Culturales y Deportivas II
A15: 09:00 10:00 | B15: Sistemas Operativos. - M107 | C15: Probabilidad y Estadística. - M104 | D15: Conmutación y Enrutamiento de Redes. - M107 | E15: Cálculo Diferencial. - M104 | F15: Conmutación y Enrutamiento de Redes. - M107
A16: 10:00 11:00 | B16: Sistemas Operativos. - M107 | C16: Probabilidad y Estadística. - M104 | D16: Conmutación y Enrutamiento de Redes. - M107 | E16: Cálculo Diferencial. - M104 | F16: Conmutación y Enrutamiento de Redes. - M107
A17: 11:00 12:00 | B17: Inglés II | C17: Inglés II | D17: Inglés II | E17: Inglés II | F17: Inglés II
A18: 12:00 13:00 | B18: Probabilidad y Estadística. - M104 | D18: Sistemas Operativos. - M107 | E18: Conmutación y Enrutamiento de Redes. - M107 | F18: Probabilidad y Estadística. - M104
A19: 13:00 14:00 | B19: Probabilidad y Estadística. - M104 | D19: Sistemas Operativos. - M107 | E19: Programación Estructurada. - M107 | F19: Programación Estructurada. - M107
A20: 14:00 15:00 | B20: Tutoría II. - M104 | D20: Sistemas Operativos. - M107 | E20: Programación Estructurada. - M107 | F20: Programación Estructurada. - M107
A21: 15:00 16:00 | F21: Programación Estructurada. - M107
A22: 16:00 17:00
A23: 17:00 18:00
A24: 18:00 19:00
A25: 19:00 20:00 | D25: |
A26: 20:00 21:00
A27: 21:00 22:00
A28: Horario generado: | G28: asc Horarios.
A29: Asignatura | D29: Horas | E29: Profesores
A30: Inglés II. | D30: =VLOOKUP(A30, Materias!A2:C180, 3, FALSE) -> 5 | E30: COORDINACIÓN DE INGLES
A31: Habilidades Socioemocionales y Manejo de Conflictos. | D31: =VLOOKUP(A31, Materias!A2:C180, 3, FALSE) -> 4 | E31: OLMOS OLALDE VICTOR HUGO
A32: Cálculo Diferencial. | D32: =VLOOKUP(A32, Materias!A2:C180, 3, FALSE) -> 6 | E32: BASTIDA MIRANDA JULIO
A33: Conmutación y Enrutamiento de Redes. | D33: =VLOOKUP(A33, Materias!A2:C180, 3, FALSE) -> 5 | E33: CASAS GOMEZ VICTOR MANUEL
A34: Probabilidad y Estadística. | D34: =VLOOKUP(A34, Materias!A2:C180, 3, FALSE) -> 5 | E34: MONDRAGÓN DIEGO JOSÉ LUIS
A35: Programación Estructurada. | D35: =VLOOKUP(A35, Materias!A2:C180, 3, FALSE) -> 5 | E35: HERNANDEZ JIMENEZ ARTURO
A36: Sistemas Operativos. | D36: =VLOOKUP(A36, Materias!A2:C180, 3, FALSE) -> 5 | E36: HIDALGO BAEZA MARIA DEL CARMEN
A37: Tutoría II. | D37: =VLOOKUP(A37, Materias!A2:C180, 3, FALSE) -> 1 | E37: MONDRAGÓN DIEGO JOSÉ LUIS
A38: Actividades Culturales y Deportivas II. | D38: =VLOOKUP(A38, Materias!A2:C180, 3, FALSE) -> 2 | E38: COORDINACIÓN DE DEPORTES
A39: Sesiones/Semana | D39: =SUM(D30:D38) -> 38
A41: Director de la División Académica de Telemática Nombre y Firma del Director (a) de la División Académica
A42: Mtro. Oliver Raúl Velázquez Torres

Sheet IRD501
D1: }
A3: UNIVERSIDAD TECNOLÓGICA FIDEL VELÁZQUEZ
A5: División Académica de Telemática
A6: Carrera en Tecnologías de la Información área Infraestructura de Redes Digitales
A7: Horario de Grupo
A8: Cuatrimestre: Enero - Abril | E8: GRUPO: IRD501
A9: Período: 2025-1 | C9: TUTOR: CASAS GOMEZ VICTOR MANUEL
A12: Hora | B12: Lunes | C12: Martes | D12: Miércoles | E12: Jueves | F12: Viernes | G12: Sábado
A13: 07:00 08:00 | B13: Introducción a Big Data - M107 | C13: Administración de Redes de Datos - M106 | D13: Administración de Redes de Datos - M106 | E13: Ciberseguridad - M102 | F13: Integradora II - M102
A14: 08:00 09:00 | B14: Introducción a Big Data - M107 | C14: Administración de Redes de Datos - M106 | D14: Administración de Redes de Datos - M106 | E14: Ciberseguridad - M102 | F14: Integradora II - M102
A15: 09:00 10:00 | B15: Administración de Redes de Datos - M106 | C15: Introducción a Big Data - M107 | D15: Administración de Servidores II - M102 | E15: Introducción a Big Data - M107 | F15: Ciberseguridad - M102
A16: 10:00 11:00 | B16: Administración de Redes de Datos - M106 | C16: Introducción a Big Data - M107 | D16: Administración de Servidores II - M102 | E16: Introducción a Big Data - M107 | F16: Ciberseguridad - M102
A17: 11:00 12:00 | B17: Inglés V | C17: Inglés V | D17: Inglés V | E17: Inglés V | F17: Ciberseguridad - M102
A18: 12:00 13:00 | B18: Expresión Oral y Escrita II - M101 | C18: Administración de Servidores II - M102 | D18: Ciberseguridad - M102 | E18: Administración de Servidores II - M102 | F18: Expresión Oral y Escrita II - M101
A19: 13:00 14:00 | B19: Expresión Oral y Escrita II - M101 | C19: Administración de Servidores II - M102 | E19: Administración de Servidores II - M102 | F19: Expresión Oral y Escrita II - M101
A20: 14:00 15:00 | B20: Expresión Oral y Escrita II - M101
A21: 15:00 16:00
A22: 16:00 17:00
A23: 17:00 18:00
A24: 18:00 19:00
A25: 19:00 20:00 | D25: |
A26: 20:00 21:00
A27: 21:00 22:00
A28: Horario generado: | G28: asc Horarios.
A29: Asignatura | D29: Horas | E29: Profesores
A30: Introducción a Big Data | D30: =VLOOKUP(A30, Materias!A2:C180, 3, FALSE) -> 6 | E30: LIMA ARRONA FERNANDO
A31: Administración de Redes de Datos | D31: =VLOOKUP(A31, Materias!A2:C180, 3, FALSE) -> 6 | E31: CASAS GOMEZ VICTOR MANUEL
A32: Administración de Servidores II | D32: =VLOOKUP(A32, Materias!A2:C180, 3, FALSE) -> 6 | E32: HIDALGO BAEZA MARIA DEL CARMEN
A33: Ciberseguridad | D33: =VLOOKUP(A33, Materias!A2:C180, 3, FALSE) -> 6 | E33: MONDRAGÓN DIEGO JOSÉ LUIS
A34: Integradora II | D34: =VLOOKUP(A34, Materias!A2:C180, 3, FALSE) -> 2 | E34: BASTIDA MIRANDA JULIO
A35: Inglés V | D35: =VLOOKUP(A35, Materias!A2:C180, 3, FALSE) -> 4 | E35: COORDINACIÓN DE INGLES
A36: Expresión Oral y Escrita II | D36: =VLOOKUP(A36, Materias!A3:C181, 3, FALSE) -> 5 | E36: OLMOS OLALDE VICTOR HUGO
A37: Sesiones/Semana | D37: =SUM(D30:D36) -> 35
A39: Director de la División Académica de Telemática Nombre y Firma del Director (a) de la División Académica
A40: Mtro. Oliver Raúl Velázquez Torres

Sheet IRD502
D1: }
A3: UNIVERSIDAD TECNOLÓGICA FIDEL VELÁZQUEZ
A5: División Académica de Telemática
A6: Carrera en Tecnologías de la Información área Infraestructura de Redes Digitales
A7: Horario de Grupo
A8: Cuatrimestre: Enero - Abril | E8: GRUPO: IRD502
A9: Período: 2025-1 | C9: TUTOR: MONDRAGÓN DIEGO JOSÉ LUIS
A12: Hora | B12: Lunes | C12: Martes | D12: Miércoles | E12: Jueves | F12: Viernes | G12: Sábado
A13: 07:00 08:00 | B13: Administración de Redes de Datos - M108 | F13: Introducción a Big Data - M108
A14: 08:00 09:00 | B14: Administración de Redes de Datos - M108 | E14: Administración de Servidores II - M103 | F14: Introducción a Big Data - M108
A15: 09:00 10:00 | B15: Introducción a Big Data - M108 | C15: Administración de Redes de Datos - M108 | D15: Introducción a Big Data - M108 | E15: Administración de Redes de Datos - M108 | F15: Introducción a Big Data - M108
A16: 10:00 11:00 | B16: Ciberseguridad - M108 | C16: Administración de Redes de Datos - M108 | D16: Introducción a Big Data - M108 | E16: Administración de Redes de Datos - M108 | F16: Expresión Oral y Escrita II - M104
A17: 11:00 12:00 | B17: Inglés V | C17: Inglés V | D17: Inglés V | E17: Inglés V | F17: Expresión Oral y Escrita II - M104
A18: 12:00 13:00 | B18: Administración de Servidores II - M102 | C18: Ciberseguridad - M108 | D18: Expresión Oral y Escrita II - M104 | E18: Ciberseguridad - M108
A19: 13:00 14:00 | B19: Administración de Servidores II - M102 | C19: Ciberseguridad - M108 | D19: Expresión Oral y Escrita II - M104 | E19: Ciberseguridad - M108
A20: 14:00 15:00 | B20: Administración de Servidores II - M102 | C20: Administración de Servidores II - M102 | D20: Expresión Oral y Escrita II - M104 | E20: Ciberseguridad - M108
A21: 15:00 16:00 | B21: Integradora II - M102 | C21: Administración de Servidores II - M102 | D21: Integradora II - M102
A22: 16:00 17:00
A23: 17:00 18:00
A24: 18:00 19:00
A25: 19:00 20:00 | D25: |
A26: 20:00 21:00
A27: 21:00 22:00
A28: Horario generado: | G28: asc Horarios.
A29: Asignatura | D29: Horas | E29: Profesores
A30: Introducción a Big Data | D30: =VLOOKUP(A30, Materias!A2:C180, 3, FALSE) -> 6 | E30: LIMA ARRONA FERNANDO
A31: Administración de Redes de Datos | D31: =VLOOKUP(A31, Materias!A2:C180, 3, FALSE) -> 6 | E31: CASAS GOMEZ VICTOR MANUEL
A32: Administración de Servidores II | D32: =VLOOKUP(A32, Materias!A2:C180, 3, FALSE) -> 6 | E32: HIDALGO BAEZA MARIA DEL CARMEN
A33: Ciberseguridad | D33: =VLOOKUP(A33, Materias!A2:C180, 3, FALSE) -> 6 | E33: MONDRAGÓN DIEGO JOSÉ LUIS
A34: Integradora II | D34: =VLOOKUP(A34, Materias!A2:C180, 3, FALSE) -> 2 | E34: HERNANDEZ JIMENEZ ARTURO
A35: Inglés V | D35: =VLOOKUP(A35, Materias!A2:C180, 3, FALSE) -> 4 | E35: COORDINACIÓN DE INGLES
A36: Expresión Oral y Escrita II | D36: =VLOOKUP(A36, Materias!A3:C181, 3, FALSE) -> 5 | E36: OLMOS OLALDE VICTOR HUGO
A37: Sesiones/Semana | D37: =SUM(D30:D36) -> 35
A39: Director de la División Académica de Telemática Nombre y Firma del Director (a) de la División Académica
A40: Mtro. Oliver Raúl Velázquez Torres

Sheet IRICE701
D1: }
A3: UNIVERSIDAD TECNOLÓGICA FIDEL VELÁZQUEZ
A5: División Académica de Telemática
A6: Carrera en Ingeniería en Redes Inteligentes y Ciberseguridad
A7: Horario de Grupo
A8: Cuatrimestre: Enero - Abril | E8: GRUPO: IRICE701
A9: Período: 2025-1 | C9: TUTOR: HERNANDEZ JIMENEZ ARTURO
A12: Hora | B12: Lunes | C12: Martes | D12: Miércoles | E12: Jueves | F12: Viernes | G12: Sábado
A13: 07:00 08:00
A14: 08:00 09:00 | G14: Administración del Tiempo - M103
A15: 09:00 10:00 | G15: Administración del Tiempo - M103
A16: 10:00 11:00 | G16: Administración Avanzada de Infraestructura Virtualizada - M107
A17: 11:00 12:00 | G17: Administración Avanzada de Infraestructura Virtualizada - M107
A18: 12:00 13:00 | B18: Administración Avanzada de Infraestructura Virtualizada NP | C18: Administración Avanzada de Infraestructura Virtualizada NP | D18: Infraestructura de Centros de Datos NP | E18: Infraestructura de Centros de Datos NP | G18: Inglés VI
A19: 13:00 14:00 | B19: Administración Avanzada de Infraestructura Virtualizada NP | C19: Inglés VI NP | G19: Inglés VI
A20: 14:00 15:00 | B20: Tecnologias para Manejo Masivo de Datos NP | C20: Inglés VI NP
A21: 15:00 16:00 | B21: Tecnologias para Manejo Masivo de Datos NP | C21: Tecnologias para Manejo Masivo de Datos NP
A22: 16:00 17:00 | F22: Tecnologias para Manejo Masivo de Datos - M107
A23: 17:00 18:00 | F23: Tecnologias para Manejo Masivo de Datos - M107
A24: 18:00 19:00 | F24: Infraestructura de Centros de Datos - M107
A25: 19:00 20:00 | D25: Administración del Tiempo* NP | F25: Infraestructura de Centros de Datos - M107
A26: 20:00 21:00 | D26: Cálculo Integral NP | F26: Cálculo Integral - M103
A27: 21:00 22:00 | D27: Cálculo Integral NP | F27: Cálculo Integral - M103
A28: Horario generado: | G28: asc Horarios.
A29: Asignatura | D29: Horas | E29: Profesores
A30: Cálculo Integral | D30: =VLOOKUP(A30, Materias!A2:C180, 3, FALSE) -> 4 | E30: PEREZ SANCHEZ RAFAEL
A31: Administración Avanzada de Infraestructura Virtualizada | D31: =VLOOKUP(A31, Materias!A2:C180, 3, FALSE) -> 5 | E31: VALADEZ VARGAS ALEJANDRO
A32: Tecnologias para Manejo Masivo de Datos | D32: =VLOOKUP(A32, Materias!A2:C180, 3, FALSE) -> 5 | E32: ALFARO LINARES SANDRA
A33: Infraestructura de Centros de Datos | D33: =VLOOKUP(A33, Materias!A2:C180, 3, FALSE) -> 4 | E33: HERNANDEZ JIMENEZ ARTURO
A34: Inglés VI | D34: =VLOOKUP(A34, Materias!A2:C180, 3, FALSE) -> 4 | E34: COORDINACIÓN DE INGLES
A35: Administración del Tiempo* | D35: =VLOOKUP(A35, Materias!A2:C180, 3, FALSE) -> 3 | E35: TIRADOR GOMEZ DANIELA LIZETH
A36: Sesiones/Semana | D36: =SUM(D30:D35) -> 25
A38: Director de la División Académica de Telemática Nombre y Firma del Director (a) de la División Académica
A39: Mtro. Oliver Raúl Velázquez Torres

Sheet IRICE801
D1: }
A3: UNIVERSIDAD TECNOLÓGICA FIDEL VELÁZQUEZ
A5: División Académica de Telemática
A6: Carrera en Ingeniería en Redes Inteligentes y Ciberseguridad
A7: Horario de Grupo
A8: Cuatrimestre: Enero - Abril | E8: GRUPO: IRICE801
A9: Período: 2025-1 | C9: TUTOR: HERNANDEZ JIMENEZ ARTURO
A12: Hora | B12: Lunes | C12: Martes | D12: Miércoles | E12: Jueves | F12: Viernes | G12: Sábado
A13: 07:00 08:00 | G13: Planeación y Organización del Trabajo - M211
A14: 08:00 09:00 | G14: Planeación y Organización del Trabajo - M211
A15: 09:00 10:00 | G15: Cómputo en la Nube - Lab. Diseño PC
A16: 10:00 11:00 | G16: Inglés VII
A17: 11:00 12:00 | B17: Gestión de La Seguridad Informática NP | G17: Inglés VII NP
A18: 12:00 13:00 | B18: Gestión de La Seguridad Informática NP | C18: Gestión de La Seguridad Informática NP | D18: Planeación y Organización del Trabajo_* NP | G18: Dirección de Proyectos I - M211
A19: 13:00 14:00 | B19: Matemáticas para Ingeniería I NP | C19: Matemáticas para Ingeniería I NP | D19: Dirección de Proyectos I NP | G19: Dirección de Proyectos I - M211
A20: 14:00 15:00 | B20: Inglés VII NP | C20: Cómputo en la Nube NP | D20: Dirección de Proyectos I NP
A21: 15:00 16:00 | B21: Inglés VII NP | C21: Inglés VII NP | D21: Cómputo en la Nube NP
A22: 16:00 17:00 | F22: Gestión de La Seguridad Informática - Lab. Diseño PC
A23: 17:00 18:00 | F23: Gestión de La Seguridad Informática - Lab. Diseño PC
A24: 18:00 19:00 | F24: Matemáticas para Ingeniería I - M211
A25: 19:00 20:00 | F25: Matemáticas para Ingeniería I - M211
A26: 20:00 21:00 | F26: Cómputo en la Nube - Lab. Diseño PC
A27: 21:00 22:00 | F27: Cómputo en la Nube - Lab. Diseño PC
A28: Horario generado: | G28: asc Horarios.
A29: Asignatura | D29: Horas | E29: Profesores
A30: Matemáticas para Ingeniería I | D30: =VLOOKUP(A30, Materias!A2:C180, 3, FALSE) -> 4 | E30: GARCIA TRINIDAD ENRIQUE
A31: Gestión de La Seguridad Informática | D31: =VLOOKUP(A31, Materias!A2:C180, 3, FALSE) -> 5 | E31: HERNANDEZ JIMENEZ ARTURO
A32: Cómputo en la Nube | D32: =VLOOKUP(A32, Materias!A2:C180, 3, FALSE) -> 5 | E32: ALFARO LINARES SANDRA
A33: Dirección de Proyectos I | D33: =VLOOKUP(A33, Materias!A2:C180, 3, FALSE) -> 4 | E33: VALADEZ VARGAS ALEJANDRO
A34: Inglés VII | D34: =VLOOKUP(A34, Materias!A2:C180, 3, FALSE) -> 4 | E34: COORDINACIÓN DE INGLES
A35: Planeación y Organización del Trabajo_* | D35: =VLOOKUP(A35, Materias!A2:C180, 3, FALSE) -> 3 | E35: PEREZ SANCHEZ RAFAEL
A36: Sesiones/Semana | D36: =SUM(D30:D35) -> 25
A38: Director de la División Académica de Telemática Nombre y Firma del Director (a) de la División Académica
A39: Mtro. Oliver Raúl Velázquez Torres

Sheet IRICE802
D1: }
A3: UNIVERSIDAD TECNOLÓGICA FIDEL VELÁZQUEZ
A5: División Académica de Telemática
A6: Carrera en Ingeniería en Redes Inteligentes y Ciberseguridad
A7: Horario de Grupo
A8: Cuatrimestre: Enero - Abril | E8: GRUPO: IRICE802
A9: Período: 2025-1 | C9: TUTOR: HERNANDEZ JIMENEZ ARTURO
A12: Hora | B12: Lunes | C12: Martes | D12: Miércoles | E12: Jueves | F12: Viernes | G12: Sábado
A13: 07:00 08:00
A14: 08:00 09:00 | G14: Inglés VII
A15: 09:00 10:00 | G15: Inglés VII
A16: 10:00 11:00 | G16: Cómputo en la Nube - Lab. Diseño PC
A17: 11:00 12:00 | G17: Cómputo en la Nube - Lab. Diseño PC
A18: 12:00 13:00 | B18: Planeación y Organización del Trabajo_* NP | G18: Planeación y Organización del Trabajo - M210
A19: 13:00 14:00 | B19: Cómputo en la Nube NP | C19: Cómputo en la Nube NP | G19: Planeación y Organización del Trabajo - M210
A20: 14:00 15:00 | B20: Matemáticas para Ingeniería I NP | C20: Matemáticas para Ingeniería I NP | D20: Gestión de La Seguridad Informática NP | E20: Gestión de La Seguridad Informática NP | G20: Dirección de Proyectos I - M210
A21: 15:00 16:00 | B21: Inglés VII NP | D21: Dirección de Proyectos I NP | E21: Dirección de Proyectos I NP | G21: Dirección de Proyectos I - M210
A22: 16:00 17:00 | B22: Inglés VII NP | F22: Gestión de La Seguridad Informática - Lab. Info. Básica
A23: 17:00 18:00 | F23: Gestión de La Seguridad Informática - Lab. Info. Básica
A24: 18:00 19:00 | F24: Gestión de La Seguridad Informática - Lab. Info. Básica
A25: 19:00 20:00 | F25: Cómputo en la Nube - Lab. Diseño PC
A26: 20:00 21:00 | F26: Matemáticas para Ingeniería I - M211
A27: 21:00 22:00 | F27: Matemáticas para Ingeniería I - M211
A28: Horario generado: | G28: asc Horarios.
A29: Asignatura | D29: Horas | E29: Profesores
A30: Matemáticas para Ingeniería I | D30: =VLOOKUP(A30, Materias!A2:C180, 3, FALSE) -> 4 | E30: GARCIA TRINIDAD ENRIQUE
A31: Gestión de La Seguridad Informática | D31: =VLOOKUP(A31, Materias!A2:C180, 3, FALSE) -> 5 | E31: INFANTE DE LA FUENTE JUAN GABRIEL
A32: Cómputo en la Nube | D32: =VLOOKUP(A32, Materias!A2:C180, 3, FALSE) -> 5 | E32: ALFARO LINARES SANDRA
A33: Dirección de Proyectos I | D33: =VLOOKUP(A33, Materias!A2:C180, 3, FALSE) -> 4 | E33: VALADEZ VARGAS ALEJANDRO
A34: Inglés VII | D34: =VLOOKUP(A34, Materias!A2:C180, 3, FALSE) -> 4 | E34: COORDINACIÓN DE INGLES
A35: Planeación y Organización del Trabajo_* | D35: =VLOOKUP(A35, Materias!A2:C180, 3, FALSE) -> 3 | E35: PEREZ SANCHEZ RAFAEL
A36: Sesiones/Semana | D36: =SUM(D30:D35) -> 25
A38: Director de la División Académica de Telemática Nombre y Firma del Director (a) de la División Académica
A39: Mtro. Oliver Raúl Velázquez Torres

Sheet DAD101
D1: }
A3: UNIVERSIDAD TECNOLÓGICA FIDEL VELÁZQUEZ
A5: División Académica de Telemática
A6: Carrera en Diseño y Animación Digital
A7: Horario de Grupo
A8: Cuatrimestre: Enero - Abril | E8: GRUPO: DAD101
A9: Período: 2025-1 | C9: TUTOR: MARQUEZ SÁNCHEZ DANIEL MAURICIO
A12: Hora | B12: Lunes | C12: Martes | D12: Miércoles | E12: Jueves | F12: Viernes | G12: Sábado
A13: 07:00 08:00 | B13: Comunicación Gráfica. - L102 | E13: Comunicación Gráfica. - L102 | F13: Actividades Culturales y Deportivas I.
A14: 08:00 09:00 | B14: Fundamentos Matemáticos. - L102 | C14: Comunicación y Habilidades Digitales. - L102 | D14: Fundamentos Matemáticos. - L102 | E14: Comunicación y Habilidades Digitales. - L102 | F14: Actividades Culturales y Deportivas I.
A15: 09:00 10:00 | B15: Fundamentos Matemáticos. - L102 | C15: Comunicación y Habilidades Digitales. - L102 | D15: Fundamentos Matemáticos. - L102 | E15: Comunicación y Habilidades Digitales. - L102 | F15: Comunicación y Habilidades Digitales. - L102
A16: 10:00 11:00 | B16: Inglés I. | C16: Inglés I. | D16: Inglés I. | E16: Inglés I. | F16: Inglés I.
A17: 11:00 12:00 | B17: Representación Visual. - L102 | C17: Desarrollo Humano y Valores. - L102 | D17: Comunicación Gráfica. - L102 | E17: Fundamentos de Diseño y del Lenguaje Visual. - L106 | F17: Fundamentos de Diseño y del Lenguaje Visual. - L106
A18: 12:00 13:00 | B18: Fundamentos de Diseño y del Lenguaje Visual. - L106 | C18: Desarrollo Humano y Valores. - L102 | D18: Tutoría I - L102 | E18: Representación Visual. - L102 | F18: Fundamentos de Diseño y del Lenguaje Visual. - L106
A19: 13:00 14:00 | B19: Fundamentos de Diseño y del Lenguaje Visual. - L106 | C19: Desarrollo Humano y Valores. - L102 | D19: Desarrollo Humano y Valores. - L102 | E19: Fundamentos Matemáticos. - L102 | F19: Fundamentos de Diseño y del Lenguaje Visual. - L106
A20: 14:00 15:00 | B20: Fundamentos de Diseño y del Lenguaje Visual. - L106 | E20: Fundamentos Matemáticos. - L102 | F20: Representación Visual. - L102
A21: 15:00 16:00 | E21: Fundamentos Matemáticos. - L102 | F21: Representación Visual. - L102
A22: 16:00 17:00
A23: 17:00 18:00
A24: 18:00 19:00
A25: 19:00 20:00 | D25: |
A26: 20:00 21:00
A27: 21:00 22:00
A28: Horario generado: | G28: asc Horarios.
A29: Asignatura | D29: Horas | E29: Profesores
A30: Inglés I. | D30: =VLOOKUP(A30, Materias!A2:C180, 3, FALSE) -> 5 | E30: COORDINACIÓN DE INGLES
A31: Desarrollo Humano y Valores. | D31: =VLOOKUP(A31, Materias!A2:C180, 3, FALSE) -> 4 | E31: ROSAS DUARTE ROSA RUTH
A32: Fundamentos Matemáticos. | D32: =VLOOKUP(A32, Materias!A2:C180, 3, FALSE) -> 7 | E32: VARELA OLMOS VIOLETA
A33: Fundamentos de Diseño y del Lenguaje Visual. | D33: =VLOOKUP(A33, Materias!A2:C180, 3, FALSE) -> 7 | E33: ZAMACONA PRADO NAYELI
A34: Representación Visual. | D34: =VLOOKUP(A34, Materias!A2:C180, 3, FALSE) -> 4 | E34: LANDIN HERREJON JOSE LUIS GUSTAVO
A35: Comunicación Gráfica. | D35: =VLOOKUP(A35, Materias!A2:C180, 3, FALSE) -> 3 | E35: BAEZA FLORES MARIA DEL CARMEN
A36: Comunicación y Habilidades Digitales. | D36: =VLOOKUP(A36, Materias!A2:C180, 3, FALSE) -> 5 | E36: VILLA CUETO MA. ISABEL
A37: Tutoría I. | D37: =VLOOKUP(A37, Materias!A2:C180, 3, FALSE) -> 1 | E37: MARQUEZ SÁNCHEZ DANIEL MAURICIO
A38: Actividades Culturales y Deportivas I. | D38: =VLOOKUP(A38, Materias!A2:C180, 3, FALSE) -> 2 | E38: COORDINACIÓN DE DEPORTES
A39: Sesiones/Semana | D39: =SUM(D30:D38) -> 38
A41: Director de la División Académica de Telemática Nombre y Firma del Director (a) de la División Académica
A42: Mtro. Oliver Raúl Velázquez Torres

Sheet DAD201
D1: }
A3: UNIVERSIDAD TECNOLÓGICA FIDEL VELÁZQUEZ
A5: División Académica de Telemática
A6: Carrera en Diseño y Animación Digital
A7: Horario de Grupo
A8: Cuatrimestre: Enero - Abril | E8: GRUPO: DAD201
A9: Período: 2025-1 | C9: TUTOR: GARCIA ROMERO LUIS ANGEL
A12: Hora | B12: Lunes | C12: Martes | D12: Miércoles | E12: Jueves | F12: Viernes | G12: Sábado
A13: 07:00 08:00 | D13: Geometría Descriptiva. - Lab. Diseño PC | F13: Actividades Culturales y Deportivas II
A14: 08:00 09:00 | B14: Representación Geométrica. - BITMAP | C14: Representación Geométrica. - BITMAP | D14: Geometría Descriptiva. - Lab. Diseño PC | E14: Habilidades Socioemocionales y Manejo de Conflictos. - M211 | F14: Actividades Culturales y Deportivas II
A15: 09:00 10:00 | B15: Representación Geométrica. - BITMAP | C15: Representación Geométrica. - BITMAP | D15: Geometría Descriptiva. - Lab. Diseño PC | E15: Habilidades Socioemocionales y Manejo de Conflictos. - M211 | F15: Ilustración Digital. - M204
A16: 10:00 11:00 | B16: Inglés II | C16: Inglés II | D16: Inglés II | E16: Inglés II | F16: Inglés II
A17: 11:00 12:00 | B17: Modelado Manual. - M210 | C17: Mercadotecnia. - M210 | D17: Modelado Manual. - M210 | E17: Ilustración Digital. - M204 | F17: Modelado Manual. - M210
A18: 12:00 13:00 | B18: Modelado Manual. - M210 | C18: Mercadotecnia. - M210 | D18: Modelado Manual. - M210 | E18: Ilustración Digital. - M204 | F18: Habilidades Socioemocionales y Manejo de Conflictos. - M211
A19: 13:00 14:00 | B19: Ilustración Digital. - M204 | C19: Mercadotecnia. - M210 | D19: Representación Geométrica. - BITMAP | E19: Ilustración Digital. - M204 | F19: Habilidades Socioemocionales y Manejo de Conflictos. - M211
A20: 14:00 15:00 | B20: Ilustración Digital. - M204 | C20: Geometría Descriptiva. - M104 | D20: Representación Geométrica. - BITMAP | E20: Geometría Descriptiva. - M104 | F20: Representación Geométrica. - M210
A21: 15:00 16:00 | B21: Emprendimiento Wadhwani NP | D21: Emprendimiento Wadhwani NP | F21: Tutoría II. - M210
A22: 16:00 17:00 | B22: Emprendimiento Wadhwani NP | C22: Emprendimiento Wadhwani NP | F22: Emprendimiento Wadhwani NP
A23: 17:00 18:00
A24: 18:00 19:00
A25: 19:00 20:00
A26: 20:00 21:00
A27: 21:00 22:00
A28: Horario generado: | G28: asc Horarios.
A29: Asignatura | D29: Horas | E29: Profesores
A30: Inglés II. | D30: =VLOOKUP(A30, Materias!A2:C180, 3, FALSE) -> 5 | E30: COORDINACIÓN DE INGLES
A31: Habilidades Socioemocionales y Manejo de Conflictos. | D31: =VLOOKUP(A31, Materias!A2:C180, 3, FALSE) -> 4 | E31: ROSAS DUARTE ROSA RUTH
A32: Geometría Descriptiva. | D32: =VLOOKUP(A32, Materias!A2:C180, 3, FALSE) -> 5 | E32: MARQUEZ SANCHEZ DANIEL MAURICIO
A33: Ilustración Digital. | D33: =VLOOKUP(A33, Materias!A2:C180, 3, FALSE) -> 6 | E33: MENDOZA CALVA HECTOR RAUL
A34: Modelado Manual. | D34: =VLOOKUP(A34, Materias!A2:C180, 3, FALSE) -> 5 | E34: IBARRA VAZQUEZ JESSICA DANIELA
A35: Representación Geométrica. | D35: =VLOOKUP(A35, Materias!A2:C180, 3, FALSE) -> 7 | E35: GARCIA ROMERO LUIS ANGEL
A36: Mercadotecnia. | D36: =VLOOKUP(A36, Materias!A2:C180, 3, FALSE) -> 3 | E36: ZAMACONA PRADO NAYELI
A37: Tutoría II. | D37: =VLOOKUP(A37, Materias!A2:C180, 3, FALSE) -> 1 | E37: GARCIA ROMERO LUIS ANGEL
A38: Actividades Culturales y Deportivas II. | D38: =VLOOKUP(A38, Materias!A1:C179, 3, FALSE) -> 2 | E38: COORDINACIÓN DE DEPORTES
A39: Emprendimiento Wadhwani | D39: 5 | E39: RODRÍGUEZ RIVERA NAYELI BERENICE
A40: Sesiones/Semana | D40: =SUM(D30:D38) -> 38
A42: Director de la División Académica de Telemática Nombre y Firma del Director (a) de la División Académica
A43: Mtro. Oliver Raúl Velázquez Torres

Sheet DAD202
D1: }
A3: UNIVERSIDAD TECNOLÓGICA FIDEL VELÁZQUEZ
A5: División Académica de Telemática
A6: Carrera en Diseño y Animación Digital
A7: Horario de Grupo
A8: Cuatrimestre: Enero - Abril | E8: GRUPO: DAD202
A9: Período: 2025-1 | C9: TUTOR: MARQUEZ SANCHEZ DANIEL MAURICIO
A12: Hora | B12: Lunes | C12: Martes | D12: Miércoles | E12: Jueves | F12: Viernes | G12: Sábado
A13: 07:00 08:00 | B13: Representación Geométrica. - M210 | F13: Actividades Culturales y Deportivas II.
A14: 08:00 09:00 | B14: Representación Geométrica. - M210 | C14: Tutoría II. -M210 | D14: Representación Geométrica. - M210 | E14: Modelado Manual. - M210 | F14: Actividades Culturales y Deportivas II.
A15: 09:00 10:00 | B15: Representación Geométrica. - M210 | C15: Geometría Descriptiva. - M210 | D15: Mercadotecnia. - M211 | E15: Modelado Manual. - M210 | F15: Modelado Manual. - M210
A16: 10:00 11:00 | B16: Inglés II. | C16: Inglés II. | D16: Inglés II. | E16: Inglés II. | F16: Inglés II.
A17: 11:00 12:00 | B17: Ilustración Digital. - BITMAP | C17: Representación Geométrica. - CCAI PC | D17: Habilidades Socioemocionales y Manejo de Conflictos. - M211 | E17: Habilidades Socioemocionales y Manejo de Conflictos. - M211 | F17: Ilustración Digital. - BITMAP
A18: 12:00 13:00 | B18: Ilustración Digital. - BITMAP | C18: Representación Geométrica. - CCAI PC | D18: Habilidades Socioemocionales y Manejo de Conflictos. - M211 | E18: Habilidades Socioemocionales y Manejo de Conflictos. - M211 | F18: Ilustración Digital. - BITMAP
A19: 13:00 14:00 | B19: Modelado Manual. - M210 | C19: Representación Geométrica. - CCAI PC | D19: Modelado Manual. - M210 | E19: Mercadotecnia. - M211 | F19: Geometría Descriptiva. - M102
A20: 14:00 15:00 | B20: Geometría Descriptiva. M210 | C20: Ilustración Digital. - BITMAP | D20: Geometría Descriptiva. - M210 | E20: Mercadotecnia. - M211 | F20: Geometría Descriptiva. - M102
A21: 15:00 16:00 | B21: Emprendimiento Wadhwani NP | C21: Ilustración Digital. - BITMAP | D21: Emprendimiento Wadhwani NP
A22: 16:00 17:00 | B22: Emprendimiento Wadhwani NP | C22: Emprendimiento Wadhwani NP | F22: Emprendimiento Wadhwani NP
A23: 17:00 18:00
A24: 18:00 19:00
A25: 19:00 20:00
A26: 20:00 21:00
A27: 21:00 22:00
A28: Horario generado: | G28: asc Horarios.
A29: Asignatura | D29: Horas | E29: Profesores
A30: Inglés II. | D30: =VLOOKUP(A30, Materias!A2:C180, 3, FALSE) -> 5 | E30: COORDINACIÓN DE INGLES
A31: Habilidades Socioemocionales y Manejo de Conflictos. | D31: =VLOOKUP(A31, Materias!A2:C180, 3, FALSE) -> 4 | E31: ROSAS DUARTE ROSA RUTH
A32: Geometría Descriptiva. | D32: =VLOOKUP(A32, Materias!A2:C180, 3, FALSE) -> 5 | E32: MARQUEZ SANCHEZ DANIEL MAURICIO
A33: Ilustración Digital. | D33: =VLOOKUP(A33, Materias!A2:C180, 3, FALSE) -> 6 | E33: MENDOZA CALVA HECTOR RAUL
A34: Modelado Manual. | D34: =VLOOKUP(A34, Materias!A2:C180, 3, FALSE) -> 5 | E34: IBARRA VAZQUEZ JESSICA DANIELA
A35: Representación Geométrica. | D35: =VLOOKUP(A35, Materias!A2:C180, 3, FALSE) -> 7 | E35: BERNAL FUENTES SILVIA GUADALUPE
A36: Mercadotecnia. | D36: =VLOOKUP(A36, Materias!A2:C180, 3, FALSE) -> 3 | E36: ZAMACONA PRADO NAYELI
A37: Tutoría II. | D37: =VLOOKUP(A37, Materias!A2:C180, 3, FALSE) -> 1 | E37: MARQUEZ SANCHEZ DANIEL MAURICIO
A38: Actividades Culturales y Deportivas II. | D38: =VLOOKUP(A38, Materias!A1:C179, 3, FALSE) -> 2 | E38: COORDINACIÓN DE DEPORTES
A39: Emprendimiento Wadhwani | D39: 5 | E39: RODRÍGUEZ RIVERA NAYELI BERENICE
A40: Sesiones/Semana | D40: =SUM(D30:D38) -> 38
A42: Director de la División Académica de Telemática Nombre y Firma del Director (a) de la División Académica
A43: Mtro. Oliver Raúl Velázquez Torres

Sheet DAD203
D1: }
A3: UNIVERSIDAD TECNOLÓGICA FIDEL VELÁZQUEZ
A5: División Académica de Telemática
A6: Carrera en Diseño y Animación Digital
A7: Horario de Grupo
A8: Cuatrimestre: Enero - Abril | E8: GRUPO: DAD203
A9: Período: 2025-1 | C9: TUTOR: DESCHAMPS SOLORZANO JOSÉ ALEJANDRO
A12: Hora | B12: Lunes | C12: Martes | D12: Miércoles | E12: Jueves | F12: Viernes | G12: Sábado
A13: 07:00 08:00 | E13: Geometría Descriptiva. - Lab. Info. Básica | F13: Actividades Culturales y Deportivas II.
A14: 08:00 09:00 | B14: Ilustración Digital. - M204 | C14: Ilustración Digital. - M204 | D14: Ilustración Digital. - M204 | E14: Geometría Descriptiva. - Lab. Info. Básica | F14: Actividades Culturales y Deportivas II.
A15: 09:00 10:00 | B15: Ilustración Digital. - M204 | C15: Ilustración Digital. - M204 | D15: Ilustración Digital. - M204 | E15: Geometría Descriptiva. - Lab. Info. Básica | F15: Habilidades Socioemocionales y Manejo de Conflictos. - M206
A16: 10:00 11:00 | B16: Inglés II. | C16: Inglés II. | D16: Inglés II. | E16: Inglés II. | F16: Inglés II.
A17: 11:00 12:00 | B17: Geometría Descriptiva. - Lab. Info. Básica | C17: Habilidades Socioemocionales y Manejo de Conflictos. - M206 | D17: Mercadotecnia. - M206 | E17: Modelado Manual. - M206 | F17: Representación Geométrica. - M204
A18: 12:00 13:00 | B18: Geometría Descriptiva. - Lab. Info. Básica | C18: Representación Geométrica. - M206 | D18: Mercadotecnia. - M206 | E18: Modelado Manual. - M206 | F18: Representación Geométrica. - M204
A19: 13:00 14:00 | B19: Modelado Manual. - M206 | C19: Modelado Manual. - M206 | D19: Mercadotecnia. - M206 | E19: Modelado Manual. - M206 | F19: Representación Geométrica. - M204
A20: 14:00 15:00 | C20: Tutoría II. - M206 | D20: Habilidades Socioemocionales y Manejo de Conflictos. - M206 | E20: Representación Geométrica. - M206
A21: 15:00 16:00 | B21: Representación Geométrica. - M206 | D21: Habilidades Socioemocionales y Manejo de Conflictos. - M206 | E21: Representación Geométrica. - M206
A22: 16:00 17:00
A23: 17:00 18:00
A24: 18:00 19:00
A25: 19:00 20:00
A26: 20:00 21:00
A27: 21:00 22:00
A28: Horario generado: | G28: asc Horarios.
A29: Asignatura | D29: Horas | E29: Profesores
A30: Inglés II. | D30: =VLOOKUP(A30, Materias!A2:C180, 3, FALSE) -> 5 | E30: COORDINACIÓN DE INGLES
A31: Habilidades Socioemocionales y Manejo de Conflictos. | D31: =VLOOKUP(A31, Materias!A2:C180, 3, FALSE) -> 4 | E31: DESCHAMPS SOLORZANO JOSE ALEJANDRO
A32: Geometría Descriptiva. | D32: =VLOOKUP(A32, Materias!A2:C180, 3, FALSE) -> 5 | E32: MARQUEZ SANCHEZ DANIEL MAURICIO
A33: Ilustración Digital. | D33: =VLOOKUP(A33, Materias!A2:C180, 3, FALSE) -> 6 | E33: ORDOÑEZ MORALES LUIS MARTIN
A34: Modelado Manual. | D34: =VLOOKUP(A34, Materias!A2:C180, 3, FALSE) -> 5 | E34: MALDONADO GUERRERO ALHAN GERARD
A35: Representación Geométrica. | D35: =VLOOKUP(A35, Materias!A2:C180, 3, FALSE) -> 7 | E35: GARCIA ROMERO LUIS ANGEL
A36: Mercadotecnia. | D36: =VLOOKUP(A36, Materias!A2:C180, 3, FALSE) -> 3 | E36: ZAMACONA PRADO NAYELI
A37: Tutoría II. | D37: =VLOOKUP(A37, Materias!A2:C180, 3, FALSE) -> 1 | E37: DESCHAMPS SOLORZANO JOSÉ ALEJANDRO
A38: Actividades Culturales y Deportivas II. | D38: =VLOOKUP(A38, Materias!A2:C180, 3, FALSE) -> 2 | E38: COORDINACIÓN DE DEPORTES
A39: Sesiones/Semana | D39: =SUM(D30:D38) -> 38
A41: Director de la División Académica de Telemática Nombre y Firma del Director (a) de la División Académica
A42: Mtro. Oliver Raúl Velázquez Torres

Sheet DAD204
D1: }
A3: UNIVERSIDAD TECNOLÓGICA FIDEL VELÁZQUEZ
A5: División Académica de Telemática
A6: Carrera en Diseño y Animación Digital
A7: Horario de Grupo
A8: Cuatrimestre: Enero - Abril | E8: GRUPO: DAD204
A9: Período: 2025-1 | C9: TUTOR: DESCHAMPS SOLORZANO JOSE ALEJANDRO
A12: Hora | B12: Lunes | C12: Martes | D12: Miércoles | E12: Jueves | F12: Viernes | G12: Sábado
A13: 07:00 08:00 | B13: Geometría Descriptiva. - Lab. Info. Básica | C13: Geometría Descriptiva. - M207 | E13: Habilidades Socioemocionales y Manejo de Conflictos. - M207 | F13: Actividades Culturales y Deportivas II.
A14: 08:00 09:00 | B14: Geometría Descriptiva. - Lab. Info. Básica | C14: Modelado Manual. - M207 | D14: Mercadotecnia. - M207 | E14: Mercadotecnia. - M207 | F14: Actividades Culturales y Deportivas II.
A15: 09:00 10:00 | B15: Geometría Descriptiva. - Lab. Info. Básica | C15: Modelado Manual. - M207 | D15: Modelado Manual. - M207 | E15: Mercadotecnia. - M207 | F15: Geometría Descriptiva. - M207
A16: 10:00 11:00 | B16: Inglés II. | C16: Inglés II. | D16: Inglés II. | E16: Inglés II. | F16: Inglés II.
A17: 11:00 12:00 | B17: Modelado Manual. - M207 | C17: Representación Geométrica. - M204 | D17: Ilustración Digital. - Lab. Info. Básica | E17: Ilustración Digital. - Lab. Info. Básica | F17: Ilustración Digital. - Lab. Info. Básica
A18: 12:00 13:00 | B18: Representación Geométrica. - M201 | C18: Representación Geométrica. - M204 | D18: Ilustración Digital. - Lab. Info. Básica | E18: Ilustración Digital. - Lab. Info. Básica | F18: Ilustración Digital. - Lab. Info. Básica
A19: 13:00 14:00 | B19: Representación Geométrica. - M201 | C19: Representación Geométrica. - M204 | D19: Representación Geométrica. - M207 | E19: Representación Geométrica. - M207 | F19: Habilidades Socioemocionales y Manejo de Conflictos. - M207
A20: 14:00 15:00 | B20: Tutoría II. - M201 | E20: Modelado Manual. - M207 | F20: Habilidades Socioemocionales y Manejo de Conflictos. - M207
A21: 15:00 16:00 | F21: Habilidades Socioemocionales y Manejo de Conflictos. - M207
A22: 16:00 17:00
A23: 17:00 18:00
A24: 18:00 19:00
A25: 19:00 20:00
A26: 20:00 21:00
A27: 21:00 22:00
A28: Horario generado: | G28: asc Horarios.
A29: Asignatura | D29: Horas | E29: Profesores
A30: Inglés II. | D30: =VLOOKUP(A30, Materias!A2:C180, 3, FALSE) -> 5 | E30: COORDINACIÓN DE INGLES
A31: Habilidades Socioemocionales y Manejo de Conflictos. | D31: =VLOOKUP(A31, Materias!A2:C180, 3, FALSE) -> 4 | E31: ROMERO ROJAS RUTH MARCELA
A32: Geometría Descriptiva. | D32: =VLOOKUP(A32, Materias!A2:C180, 3, FALSE) -> 5 | E32: MARQUEZ SANCHEZ DANIEL MAURICIO
A33: Ilustración Digital. | D33: =VLOOKUP(A33, Materias!A2:C180, 3, FALSE) -> 6 | E33: ROJAS DIEGO RAUL
A34: Modelado Manual. | D34: =VLOOKUP(A34, Materias!A2:C180, 3, FALSE) -> 5 | E34: DESCHAMPS SOLORZANO JOSE ALEJANDRO
A35: Representación Geométrica. | D35: =VLOOKUP(A35, Materias!A2:C180, 3, FALSE) -> 7 | E35: SERRANO SILVA IVAN ENRIQUE
A36: Mercadotecnia. | D36: =VLOOKUP(A36, Materias!A2:C180, 3, FALSE) -> 3 | E36: LANDIN HERREJON JOSE LUIS GUSTAVO
A37: Tutoría II. | D37: =VLOOKUP(A37, Materias!A2:C180, 3, FALSE) -> 1 | E37: DESCHAMPS SOLORZANO JOSE ALEJANDRO
A38: Actividades Culturales y Deportivas II. | D38: =VLOOKUP(A38, Materias!A2:C180, 3, FALSE) -> 2 | E38: COORDINACIÓN DE DEPORTES
A39: Sesiones/Semana | D39: =SUM(D30:D38) -> 38
A41: Director de la División Académica de Telemática Nombre y Firma del Director (a) de la División Académica
A42: Mtro. Oliver Raúl Velázquez Torres

Sheet DAD205
D1: }
A3: UNIVERSIDAD TECNOLÓGICA FIDEL VELÁZQUEZ
A5: División Académica de Telemática
A6: Carrera en Diseño y Animación Digital
A7: Horario de Grupo
A8: Cuatrimestre: Enero - Abril | E8: GRUPO: DAD205
A9: Período: 2025-1 | C9: TUTOR: TORRES HERNANDEZ LUIS ENRIQUE
A12: Hora | B12: Lunes | C12: Martes | D12: Miércoles | E12: Jueves | F12: Viernes | G12: Sábado
A13: 07:00 08:00
A14: 08:00 09:00
A15: 09:00 10:00
A16: 10:00 11:00
A17: 11:00 12:00
A18: 12:00 13:00 | B18: Habilidades Socioemocionales y Manejo de Conflictos. - M209
A19: 13:00 14:00 | B19: Modelado Manual. - M207 | C19: Geometría Descriptiva. - Lab. Info. Básica | D19: Ilustración Digital. - Lab. Info. Básica | E19: Ilustración Digital. - Lab. Info. Básica | F19: Habilidades Socioemocionales y Manejo de Conflictos. - M209
A20: 14:00 15:00 | B20: Modelado Manual. - M207 | C20: Geometría Descriptiva. - Lab. Info. Básica | D20: Ilustración Digital. - Lab. Info. Básica | E20: Ilustración Digital. - Lab. Info. Básica | F20: Habilidades Socioemocionales y Manejo de Conflictos. - M209
A21: 15:00 16:00 | B21: Modelado Manual. - M207 | C21: Geometría Descriptiva. - Lab. Info. Básica | D21: Ilustración Digital. - Lab. Info. Básica | E21: Ilustración Digital. - Lab. Info. Básica | F21: Habilidades Socioemocionales y Manejo de Conflictos. - M209
A22: 16:00 17:00 | B22: Inglés II. | C22: Inglés II. | D22: Inglés II. | E22: Inglés II. | F22: Inglés II.
A23: 17:00 18:00 | B23: Representación Geométrica. - Lab. Info. Básica | C23: Modelado Manual. - M207 | D23: Geometría Descriptiva. - Lab. Info. Básica | E23: Mercadotecnia. - M207 | F23: Actividades Culturales y Deportivas II.
A24: 18:00 19:00 | B24: Representación Geométrica. - Lab. Info. Básica | C24: Modelado Manual. - M207 | D24: Geometría Descriptiva. - Lab. Info. Básica | E24: Mercadotecnia. - M207 | F24: Actividades Culturales y Deportivas II.
A25: 19:00 20:00 | B25: Representación Geométrica. - Lab. Info. Básica | D25: Representación Geométrica. - Lab. Info. Básica | E25: Mercadotecnia. - M207 | F25: Representación Geométrica. - Lab. Info. Básica
A26: 20:00 21:00 | B26: Tutoría II. - Lab. Info. Básica | D26: Representación Geométrica. - Lab. Info. Básica | F26: Representación Geométrica. - Lab. Info. Básica
A27: 21:00 22:00
A28: Horario generado: | G28: asc Horarios.
A29: Asignatura | D29: Horas | E29: Profesores
A30: Inglés II. | D30: =VLOOKUP(A30, Materias!A2:C180, 3, FALSE) -> 5 | E30: COORDINACIÓN DE INGLES
A31: Habilidades Socioemocionales y Manejo de Conflictos. | D31: =VLOOKUP(A31, Materias!A2:C180, 3, FALSE) -> 4 | E31: DESCHAMPS SOLORZANO JOSE ALEJANDRO
A32: Geometría Descriptiva. | D32: =VLOOKUP(A32, Materias!A2:C180, 3, FALSE) -> 5 | E32: MARTINEZ VEGA FERMIN
A33: Ilustración Digital. | D33: =VLOOKUP(A33, Materias!A2:C180, 3, FALSE) -> 6 | E33: ROJAS DIEGO RAUL
A34: Modelado Manual. | D34: =VLOOKUP(A34, Materias!A2:C180, 3, FALSE) -> 5 | E34: GONZALEZ GARCIA VERONICA
A35: Representación Geométrica. | D35: =VLOOKUP(A35, Materias!A2:C180, 3, FALSE) -> 7 | E35: TORRES HERNANDEZ LUIS ENRIQUE
A36: Mercadotecnia. | D36: =VLOOKUP(A36, Materias!A2:C180, 3, FALSE) -> 3 | E36: RAMOS GAMA JOSELYN KAREN
A37: Tutoría II. | D37: =VLOOKUP(A37, Materias!A2:C180, 3, FALSE) -> 1 | E37: TORRES HERNANDEZ LUIS ENRIQUE
A38: Actividades Culturales y Deportivas II. | D38: =VLOOKUP(A38, Materias!A2:C180, 3, FALSE) -> 2 | E38: COORDINACIÓN DE DEPORTES
A39: Sesiones/Semana | D39: =SUM(D30:D38) -> 38
A41: Director de la División Académica de Telemática Nombre y Firma del Director (a) de la División Académica
A42: Mtro. Oliver Raúl Velázquez Torres

Sheet DAD206
D1: }
A3: UNIVERSIDAD TECNOLÓGICA FIDEL VELÁZQUEZ
A5: División Académica de Telemática
A6: Carrera en Diseño y Animación Digital
A7: Horario de Grupo
A8: Cuatrimestre: Enero - Abril | E8: GRUPO: DAD206
A9: Período: 2025-1 | C9: TUTOR: ESPINOSA JIMENEZ MARIA MARGARITA
A12: Hora | B12: Lunes | C12: Martes | D12: Miércoles | E12: Jueves | F12: Viernes | G12: Sábado
A13: 07:00 08:00
A14: 08:00 09:00
A15: 09:00 10:00
A16: 10:00 11:00
A17: 11:00 12:00
A18: 12:00 13:00 | C18: Mercadotecnia. - M211 | E18: Habilidades Socioemocionales y Manejo de Conflictos. - M201 | F18: Tutoría II. M201
A19: 13:00 14:00 | B19: Representación Geométrica. - Lab. Diseño PC | C19: Mercadotecnia. - M211 | D19: Mercadotecnia. - M211 | E19: Habilidades Socioemocionales y Manejo de Conflictos. - M201 | F19: Modelado Manual. - M206
A20: 14:00 15:00 | B20: Representación Geométrica. - Lab. Diseño PC | C20: Ilustración Digital. - CCAI PC | D20: Representación Geométrica. - Lab. Diseño PC | E20: Representación Geométrica. - M201 | F20: Modelado Manual. - M206
A21: 15:00 16:00 | B21: Representación Geométrica. - Lab. Diseño PC | C21: Ilustración Digital. - CCAI PC | D21: Representación Geométrica. - Lab. Diseño PC | E21: Representación Geométrica. - M201 | F21: Modelado Manual. - M206
A22: 16:00 17:00 | B22: Inglés II. | C22: Inglés II. | D22: Inglés II. | E22: Inglés II. | F22: Inglés II.
A23: 17:00 18:00 | B23: Ilustración Digital. - CCAI PC | C23: Habilidades Socioemocionales y Manejo de Conflictos. - M201 | D23: Ilustración Digital. - CCAI PC | E23: Modelado Manual. - M206 | F23: Actividades Culturales y Deportivas II.
A24: 18:00 19:00 | B24: Ilustración Digital. - CCAI PC | C24: Habilidades Socioemocionales y Manejo de Conflictos. - M201 | D24: Ilustración Digital. - CCAI PC | E24: Modelado Manual. - M206 | F24: Actividades Culturales y Deportivas II.
A25: 19:00 20:00 | B25: Geometría Descriptiva. - Lab. Diseño PC | D25: Geometría Descriptiva. - Lab. Diseño PC | E25: Geometría Descriptiva. - Lab. Diseño PC
A26: 20:00 21:00 | B26: Geometría Descriptiva. - Lab. Diseño PC | D26: Geometría Descriptiva. - Lab. Diseño PC
A27: 21:00 22:00
A28: Horario generado: | G28: asc Horarios.
A29: Asignatura | D29: Horas | E29: Profesores
A30: Inglés II. | D30: =VLOOKUP(A30, Materias!A2:C180, 3, FALSE) -> 5 | E30: COORDINACIÓN DE INGLES
A31: Habilidades Socioemocionales y Manejo de Conflictos. | D31: =VLOOKUP(A31, Materias!A2:C180, 3, FALSE) -> 4 | E31: ESPINOSA JIMENEZ MARIA MARGARITA
A32: Geometría Descriptiva. | D32: =VLOOKUP(A32, Materias!A2:C180, 3, FALSE) -> 5 | E32: GOMEZ GONZALEZ JORGE
A33: Ilustración Digital. | D33: =VLOOKUP(A33, Materias!A2:C180, 3, FALSE) -> 6 | E33: SERRANO SILVA IVAN ENRIQUE
A34: Modelado Manual. | D34: =VLOOKUP(A34, Materias!A2:C180, 3, FALSE) -> 5 | E34: GONZALEZ GARCIA VERONICA
A35: Representación Geométrica. | D35: =VLOOKUP(A35, Materias!A2:C180, 3, FALSE) -> 7 | E35: LANDIN HERREJON JOSE LUIS GUSTAVO
A36: Mercadotecnia. | D36: =VLOOKUP(A36, Materias!A2:C180, 3, FALSE) -> 3 | E36: DESCHAMPS SOLORZANO JOSE ALEJANDRO
A37: Tutoría II. | D37: =VLOOKUP(A37, Materias!A2:C180, 3, FALSE) -> 1 | E37: ESPINOSA JIMENEZ MARIA MARGARITA
A38: Actividades Culturales y Deportivas II. | D38: =VLOOKUP(A38, Materias!A2:C180, 3, FALSE) -> 2 | E38: COORDINACIÓN DE DEPORTES
A39: Sesiones/Semana | D39: =SUM(D30:D38) -> 38
A41: Director de la División Académica de Telemática Nombre y Firma del Director (a) de la División Académica
A42: Mtro. Oliver Raúl Velázquez Torres

Sheet DAD207
D1: }
A3: UNIVERSIDAD TECNOLÓGICA FIDEL VELÁZQUEZ
A5: División Académica de Telemática
A6: Carrera en Diseño y Animación Digital
A7: Horario de Grupo
A8: Cuatrimestre: Enero - Abril | E8: GRUPO: DAD207
A9: Período: 2025-1 | C9: TUTOR: RODRIGUEZ RIVERA NAYELI BERENICE
A12: Hora | B12: Lunes | C12: Martes | D12: Miércoles | E12: Jueves | F12: Viernes | G12: Sábado
A13: 07:00 08:00
A14: 08:00 09:00
A15: 09:00 10:00
A16: 10:00 11:00
A17: 11:00 12:00 | E17: Habilidades Socioemocionales y Manejo de Conflictos. - M209
A18: 12:00 13:00 | B18: Representación Geométrica. - L102 | D18: Habilidades Socioemocionales y Manejo de Conflictos. - M209 | E18: Habilidades Socioemocionales y Manejo de Conflictos. - M209 | F18: Representación Geométrica. - L102
A19: 13:00 14:00 | B19: Habilidades Socioemocionales y Manejo de Conflictos. - M209 | C19: Representación Geométrica. - M203 | D19: Representación Geométrica. - M203 | E19: Modelado Manual. - M210 | F19: Representación Geométrica. - L102
A20: 14:00 15:00 | B20: Ilustración Digital. - CCAI PC | C20: Representación Geométrica. - M203 | D20: Ilustración Digital. - CCAI PC | E20: Modelado Manual. - M210 | F20: Geometría Descriptiva. - M106
A21: 15:00 16:00 | B21: Ilustración Digital. - CCAI PC | C21: Representación Geométrica. - M203 | D21: Ilustración Digital. - CCAI PC | E21: Modelado Manual. - M210 | F21: Geometría Descriptiva. - M106
A22: 16:00 17:00 | B22: Inglés II. | C22: Inglés II. | D22: Inglés II. | E22: Inglés II. | F22: Inglés II.
A23: 17:00 18:00 | B23: Modelado Manual. - M210 | C23: Ilustración Digital. - CCAI PC | D23: Geometría Descriptiva. - M106 | F23: Actividades Culturales y Deportivas II.
A24: 18:00 19:00 | B24: Modelado Manual. - M210 | C24: Ilustración Digital. - CCAI PC | D24: Geometría Descriptiva. - M106 | F24: Actividades Culturales y Deportivas II.
A25: 19:00 20:00 | B25: Mercadotecnia. - M209 | C25: Mercadotecnia. - M209 | D25: Geometría Descriptiva. - M106
A26: 20:00 21:00 | C26: Mercadotecnia. - M209 | D26: Tutoría II. - M106
A27: 21:00 22:00
A28: Horario generado: | G28: asc Horarios.
A29: Asignatura | D29: Horas | E29: Profesores
A30: Inglés II. | D30: =VLOOKUP(A30, Materias!A2:C180, 3, FALSE) -> 5 | E30: COORDINACIÓN DE INGLES
A31: Habilidades Socioemocionales y Manejo de Conflictos. | D31: =VLOOKUP(A31, Materias!A2:C180, 3, FALSE) -> 4 | E31: DESCHAMPS SOLORZANO JOSE ALEJANDRO
A32: Geometría Descriptiva. | D32: =VLOOKUP(A32, Materias!A2:C180, 3, FALSE) -> 5 | E32: RODRIGUEZ RIVERA NAYELI BERENICE
A33: Ilustración Digital. | D33: =VLOOKUP(A33, Materias!A2:C180, 3, FALSE) -> 6 | E33: SERRANO SILVA IVAN ENRIQUE
A34: Modelado Manual. | D34: =VLOOKUP(A34, Materias!A2:C180, 3, FALSE) -> 5 | E34: GONZALEZ GARCIA VERONICA
A35: Representación Geométrica. | D35: =VLOOKUP(A35, Materias!A2:C180, 3, FALSE) -> 7 | E35: LANDIN HERREJON JOSE LUIS GUSTAVO
A36: Mercadotecnia. | D36: =VLOOKUP(A36, Materias!A2:C180, 3, FALSE) -> 3 | E36: RAMOS GAMA JOSELYN KAREN
A37: Tutoría II. | D37: =VLOOKUP(A37, Materias!A2:C180, 3, FALSE) -> 1 | E37: RODRIGUEZ RIVERA NAYELI BERENICE
A38: Actividades Culturales y Deportivas II. | D38: =VLOOKUP(A38, Materias!A2:C180, 3, FALSE) -> 2 | E38: COORDINACIÓN DE DEPORTES
A39: Sesiones/Semana | D39: =SUM(D30:D38) -> 38
A41: Director de la División Académica de Telemática Nombre y Firma del Director (a) de la División Académica
A42: Mtro. Oliver Raúl Velázquez Torres

Sheet DAD208
D1: }
A3: UNIVERSIDAD TECNOLÓGICA FIDEL VELÁZQUEZ
A5: División Académica de Telemática
A6: Carrera en Diseño y Animación Digital
A7: Horario de Grupo
A8: Cuatrimestre: Enero - Abril | E8: GRUPO: DAD208
A9: Período: 2025-1 | C9: TUTOR: GONZALEZ GARCIA VERONICA
A12: Hora | B12: Lunes | C12: Martes | D12: Miércoles | E12: Jueves | F12: Viernes | G12: Sábado
A13: 07:00 08:00
A14: 08:00 09:00
A15: 09:00 10:00
A16: 10:00 11:00 | B16: Emprendimiento Wadhwani NP
A17: 11:00 12:00 | B17: Emprendimiento Wadhwani NP | C17: Emprendimiento Wadhwani NP | D17: Emprendimiento Wadhwani NP
A18: 12:00 13:00 | D18: Emprendimiento Wadhwani NP
A19: 13:00 14:00 | B19: Geometría Descriptiva. - Lab. Info. Básica | C19: Habilidades Socioemocionales y Manejo de Conflictos. - M201 | D19: Mercadotecnia. - M201 | F19: Representación Geométrica. - Lab. Info. Básica
A20: 14:00 15:00 | B20: Geometría Descriptiva. - Lab. Info. Básica | C20: Habilidades Socioemocionales y Manejo de Conflictos. - M201 | D20: Mercadotecnia. - M201 | E20: Ilustración Digital. - CCAI PC | F20: Representación Geométrica. - Lab. Info. Básica
A21: 15:00 16:00 | B21: Geometría Descriptiva. - Lab. Info. Básica | C21: Habilidades Socioemocionales y Manejo de Conflictos. - M201 | D21: Mercadotecnia. - M201 | E21: Ilustración Digital. - CCAI PC | F21: Representación Geométrica. - Lab. Info. Básica
A22: 16:00 17:00 | B22: Inglés II. | C22: Inglés II. | D22: Inglés II. | E22: Inglés II. | F22: Inglés II.
A23: 17:00 18:00 | B23: Habilidades Socioemocionales y Manejo de Conflictos. - M201 | C23: Geometría Descriptiva. - Lab. Info. Básica | D23: Representación Geométrica. - Lab. Diseño PC | E23: Representación Geométrica. - Lab. Info. Básica | F23: Actividades Culturales y Deportivas II.
A24: 18:00 19:00 | C24: Geometría Descriptiva. - Lab. Info. Básica | D24: Representación Geométrica. - Lab. Diseño PC | E24: Representación Geométrica. - Lab. Info. Básica | F24: Actividades Culturales y Deportivas II.
A25: 19:00 20:00 | B25: Ilustración Digital. - CCAI PC | C25: Modelado Manual. - M206 | D25: Ilustración Digital. - CCAI PC | E25: Modelado Manual. - M206
A26: 20:00 21:00 | B26: Ilustración Digital. - CCAI PC | C26: Modelado Manual. - M206 | D26: Ilustración Digital. - CCAI PC | E26: Modelado Manual. - M206
A27: 21:00 22:00 | C27: Tutoría II. - M206 | E27: Modelado Manual. - M206
A28: Horario generado: | G28: asc Horarios.
A29: Asignatura | D29: Horas | E29: Profesores
A30: Inglés II. | D30: =VLOOKUP(A30, Materias!A2:C180, 3, FALSE) -> 5 | E30: COORDINACIÓN DE INGLES
A31: Habilidades Socioemocionales y Manejo de Conflictos. | D31: =VLOOKUP(A31, Materias!A2:C180, 3, FALSE) -> 4 | E31: VILLA CUETO MA. ISABEL
A32: Geometría Descriptiva. | D32: =VLOOKUP(A32, Materias!A2:C180, 3, FALSE) -> 5 | E32: MARTINEZ VEGA FERMIN
A33: Ilustración Digital. | D33: =VLOOKUP(A33, Materias!A2:C180, 3, FALSE) -> 6 | E33: SERRANO SILVA IVAN ENRIQUE
A34: Modelado Manual. | D34: =VLOOKUP(A34, Materias!A2:C180, 3, FALSE) -> 5 | E34: GONZALEZ GARCIA VERONICA
A35: Representación Geométrica. | D35: =VLOOKUP(A35, Materias!A2:C180, 3, FALSE) -> 7 | E35: GOMEZ GONZALEZ JORGE
A36: Mercadotecnia. | D36: =VLOOKUP(A36, Materias!A2:C180, 3, FALSE) -> 3 | E36: RAMOS GAMA JOSELYN KAREN
A37: Tutoría II. | D37: =VLOOKUP(A37, Materias!A2:C180, 3, FALSE) -> 1 | E37: GONZALEZ GARCIA VERONICA
A38: Actividades Culturales y Deportivas II. | D38: =VLOOKUP(A38, Materias!A1:C179, 3, FALSE) -> 2 | E38: COORDINACIÓN DE DEPORTES
A39: Emprendimiento Wadhwani | D39: 5 | E39: DE LA CRUZ PERCASTRE MARTHA
A40: Sesiones/Semana | D40: =SUM(D30:D38) -> 38
A42: Director de la División Académica de Telemática Nombre y Firma del Director (a) de la División Académica
A43: Mtro. Oliver Raúl Velázquez Torres

Sheet DAD209
D1: }
A3: UNIVERSIDAD TECNOLÓGICA FIDEL VELÁZQUEZ
A5: División Académica de Telemática
A6: Carrera en Diseño y Animación Digital
A7: Horario de Grupo
A8: Cuatrimestre: Enero - Abril | E8: GRUPO: DAD209
A9: Período: 2025-1 | C9: TUTOR: ESPINOSA JIMENEZ MARIA MARGARITA
A12: Hora | B12: Lunes | C12: Martes | D12: Miércoles | E12: Jueves | F12: Viernes | G12: Sábado
A13: 07:00 08:00
A14: 08:00 09:00
A15: 09:00 10:00
A16: 10:00 11:00 | B16: Emprendimiento Wadhwani NP
A17: 11:00 12:00 | B17: Emprendimiento Wadhwani NP | C17: Emprendimiento Wadhwani NP | D17: Emprendimiento Wadhwani NP
A18: 12:00 13:00 | B18: Habilidades Socioemocionales y Manejo de Conflictos. - M211 | C18: Tutoría II. - M207 | D18: Emprendimiento Wadhwani NP
A19: 13:00 14:00 | B19: Habilidades Socioemocionales y Manejo de Conflictos. - M211 | C19: Modelado Manual. - M207 | E19: Geometría Descriptiva. - M105 | F19: Ilustración Digital. - CCAI PC
A20: 14:00 15:00 | B20: Habilidades Socioemocionales y Manejo de Conflictos. - M211 | C20: Modelado Manual. - M207 | D20: Modelado Manual. - M207 | E20: Geometría Descriptiva. - M105 | F20: Ilustración Digital. - CCAI PC
A21: 15:00 16:00 | B21: Habilidades Socioemocionales y Manejo de Conflictos. - M211 | C21: Modelado Manual. - M207 | D21: Modelado Manual. - M207 | E21: Geometría Descriptiva. - M105 | F21: Ilustración Digital. - CCAI PC
A22: 16:00 17:00 | B22: Inglés II. | C22: Inglés II. | D22: Inglés II. | E22: Inglés II. | F22: Inglés II.
A23: 17:00 18:00 | B23: Geometría Descriptiva. - M106 | C23: Representación Geométrica. - BITMAP | D23: Mercadotecnia. - M209 | E23: Ilustración Digital. - CCAI PC | F23: Actividades Culturales y Deportivas II.
A24: 18:00 19:00 | B24: Geometría Descriptiva. - M106 | C24: Representación Geométrica. - BITMAP | D24: Mercadotecnia. - M209 | E24: Ilustración Digital. - CCAI PC | F24: Actividades Culturales y Deportivas II.
A25: 19:00 20:00 | B25: Representación Geométrica. - BITMAP | C25: Representación Geométrica. - BITMAP | D25: Mercadotecnia. - M209 | E25: Ilustración Digital. - CCAI PC
A26: 20:00 21:00 | B26: Representación Geométrica. - BITMAP | D26: Representación Geométrica. - BITMAP | E26: Representación Geométrica. - BITMAP
A27: 21:00 22:00
A28: Horario generado: | G28: asc Horarios.
A29: Asignatura | D29: Horas | E29: Profesores
A30: Inglés II. | D30: =VLOOKUP(A30, Materias!A2:C180, 3, FALSE) -> 5 | E30: COORDINACIÓN DE INGLES
A31: Habilidades Socioemocionales y Manejo de Conflictos. | D31: =VLOOKUP(A31, Materias!A2:C180, 3, FALSE) -> 4 | E31: ESPINOSA JIMENEZ MARIA MARGARITA
A32: Geometría Descriptiva. | D32: =VLOOKUP(A32, Materias!A2:C180, 3, FALSE) -> 5 | E32: GOMEZ GONZALEZ JORGE
A33: Ilustración Digital. | D33: =VLOOKUP(A33, Materias!A2:C180, 3, FALSE) -> 6 | E33: SERRANO SILVA IVAN ENRIQUE
A34: Modelado Manual. | D34: =VLOOKUP(A34, Materias!A2:C180, 3, FALSE) -> 5 | E34: ORDOÑEZ MORALES LUIS MARTIN
A35: Representación Geométrica. | D35: =VLOOKUP(A35, Materias!A2:C180, 3, FALSE) -> 7 | E35: MONROY TREJO ALEJANDRO
A36: Mercadotecnia. | D36: =VLOOKUP(A36, Materias!A2:C180, 3, FALSE) -> 3 | E36: RAMOS GAMA JOSELYN KAREN
A37: Tutoría II. | D37: =VLOOKUP(A37, Materias!A2:C180, 3, FALSE) -> 1 | E37: ESPINOSA JIMENEZ MARIA MARGARITA
A38: Actividades Culturales y Deportivas II. | D38: =VLOOKUP(A38, Materias!A1:C179, 3, FALSE) -> 2 | E38: COORDINACIÓN DE DEPORTES
A39: Emprendimiento Wadhwani | D39: 5 | E39: DE LA CRUZ PERCASTRE MARTHA
A40: Sesiones/Semana | D40: =SUM(D30:D38) -> 38
A42: Director de la División Académica de Telemática Nombre y Firma del Director (a) de la División Académica
A43: Mtro. Oliver Raúl Velázquez Torres

Sheet DDA301
A3: UNIVERSIDAD TECNOLÓGICA FIDEL VELÁZQUEZ
A5: División Académica de Telemática
A6: Carrera en Diseño Digital Área Animación
A7: Horario de Grupo
A8: Cuatrimestre: Enero - Abril | E8: GRUPO: DDA301
A9: Período: 2025-1 | C9: TUTOR: GARCIA ROMERO LUIS ANGEL
A12: Hora | B12: Lunes | C12: Martes | D12: Miércoles | E12: Jueves | F12: Viernes | G12: Sábado
A13: 07:00 08:00 | B13: Software CAD - Lab. Diseño PC | E13: Software CAD - Lab. Diseño PC | F13: Formación Sociocultural III - M205
A14: 08:00 09:00 | B14: Software CAD - Lab. Diseño PC | C14: Mercadotecnia - M205 | D14: Ilustración II - BITMAP | E14: Ilustración II - BITMAP | F14: Formación Sociocultural III - M205
A15: 09:00 10:00 | B15: Software CAD - Lab. Diseño PC | C15: Mercadotecnia - M205 | D15: Mercadotecnia - M205 | E15: Ilustración II - BITMAP | F15: Proceso Administrativo - M205
A16: 10:00 11:00 | B16: Inglés III | C16: Inglés III | D16: Inglés III | E16: Inglés III | F16: Proceso Administrativo - M205
A17: 11:00 12:00 | B17: Fotografía Digital - M205 | C17: Fotografía Digital - M205 | D17: Fotografía Digital - M205 | E17: Mercadotecnia - M205 | F17: Proceso Administrativo - M205
A18: 12:00 13:00 | B18: Fotografía Digital - M205 | C18: Fotografía Digital - M205 | D18: Fotografía Digital - M205 | E18: Costos - M205 | F18: Software CAD - Lab. Diseño PC
A19: 13:00 14:00 | B19: Ilustración II - BITMAP | C19: Costos - M205 | D19: Fotografía Digital - M205 | E19: Costos - M205 | F19: Software CAD - Lab. Diseño PC
A20: 14:00 15:00 | B20: Ilustración II - BITMAP
A21: 15:00 16:00
A22: 16:00 17:00
A23: 17:00 18:00
A24: 18:00 19:00
A25: 19:00 20:00
A26: 20:00 21:00
A27: 21:00 22:00
A28: Horario generado: | G28: asc Horarios.
A29: Asignatura | D29: Horas | E29: Profesores
A30: Proceso Administrativo | D30: =VLOOKUP(A30, Materias!A2:C500, 3, FALSE) -> 3 | E30: RODRIGUEZ RIVERA NAYELI BERENICE
A31: Costos | D31: =VLOOKUP(A31, Materias!A2:C500, 3, FALSE) -> 3 | E31: RAMOS GAMA JOSELYN KAREN
A32: Ilustración II | D32: =VLOOKUP(A32, Materias!A2:C500, 3, FALSE) -> 5 | E32: GARCIA ROMERO LUIS ANGEL
A33: Fotografía Digital | D33: =VLOOKUP(A33, Materias!A2:C500, 3, FALSE) -> 7 | E33: ORDOÑEZ MORALES LUIS MARTIN
A34: Mercadotecnia | D34: =VLOOKUP(A34, Materias!A2:C500, 3, FALSE) -> 4 | E34: LANDIN HERREJON JOSE LUIS GUSTAVO
A35: Software CAD | D35: =VLOOKUP(A35, Materias!A2:C500, 3, FALSE) -> 6 | E35: IBARRA VAZQUEZ JESSICA DANIELA
A36: Inglés III | D36: =VLOOKUP(A36, Materias!A2:C500, 3, FALSE) -> 4 | E36: COORDINACIÓN DE INGLES
A37: Formación Sociocultural III | D37: =VLOOKUP(A37, Materias!A2:C500, 3, FALSE) -> 2 | E37: OLMOS OLALDE VICTOR HUGO
A38: Sesiones/Semana | D38: =SUM(D30:D37) -> 34
A40: Director de la División Académica de Diseño Digial Área Animación Nombre y Firma del Director (a) de la División Académica
A41: Mtro. Oliver Raúl Velázquez Torres

Sheet DDA401
A3: UNIVERSIDAD TECNOLÓGICA FIDEL VELÁZQUEZ
A5: División Académica de Telemática
A6: Carrera en Diseño Digital Área Animación
A7: Horario de Grupo
A8: Cuatrimestre: Enero - Abril | E8: GRUPO: DDA401
A9: Período: 2025-1 | C9: TUTOR: ROJAS DIEGO RAUL
A12: Hora | B12: Lunes | C12: Martes | D12: Miércoles | E12: Jueves | F12: Viernes | G12: Sábado
A13: 07:00 08:00 | C13: Proceso de Diseño - L105
A14: 08:00 09:00 | B14: Prototipos - CCAI PC | C14: Proceso de Diseño - L105 | D14: Prototipos - CCAI PC | E14: Diseño Editorial Digital - M203 | F14: Diseño Editorial Digital - M203
A15: 09:00 10:00 | B15: Prototipos - CCAI PC | C15: Proceso de Diseño - L105 | D15: Prototipos - CCAI PC | E15: Diseño Editorial Digital - M203 | F15: Diseño Editorial Digital - M203
A16: 10:00 11:00 | B16: Inglés IV | C16: Inglés IV | D16: Inglés IV | E16: Inglés IV | F16: Diseño Editorial Digital - M203
A17: 11:00 12:00 | B17: Guionismo y Storyboard - L105 | C17: Guionismo y Storyboard - L105 | D17: Formación Sociocultural IV - L105 | E17: Prototipos - CCAI PC | F17: Formación Sociocultural IV - L105
A18: 12:00 13:00 | B18: Guionismo y Storyboard - L105 | C18: Guionismo y Storyboard - L105 | D18: Formación Sociocultural IV - L105 | E18: Animación en 2D - Lab. Diseño PC | F18: Proceso de Diseño - L105
A19: 13:00 14:00 | B19: Integradora I - L105 | C19: Animación en 2D - Lab. Diseño PC | D19: Física - L105 | E19: Animación en 2D - Lab. Diseño PC
A20: 14:00 15:00 | B20: Integradora I - L105 | C20: Animación en 2D - Lab. Diseño PC | D20: Física - L105 | E20: Animación en 2D - Lab. Diseño PC
A21: 15:00 16:00 | B21: Física - L105 | D21: Física - L105
A22: 16:00 17:00
A23: 17:00 18:00
A24: 18:00 19:00
A25: 19:00 20:00
A26: 20:00 21:00
A27: 21:00 22:00
A28: Horario generado: | G28: asc Horarios.
A29: Asignatura | D29: Horas | E29: Profesores
A30: Física | D30: =VLOOKUP(A30, Materias!A2:C180, 3, FALSE) -> 4 | E30: GOMEZ GONZALEZ JORGE
A31: Animación en 2D | D31: =VLOOKUP(A31, Materias!A2:C180, 3, FALSE) -> 5 | E31: BAEZA FLORES MARIA DEL CARMEN
A32: Guionismo y Storyboard | D32: =VLOOKUP(A32, Materias!A2:C180, 3, FALSE) -> 4 | E32: ROJAS DIEGO RAUL
A33: Prototipos | D33: =VLOOKUP(A33, Materias!A2:C180, 3, FALSE) -> 5 | E33: MARTINEZ VEGA FERMIN
A34: Integradora I | D34: =VLOOKUP(A34, Materias!A2:C180, 3, FALSE) -> 2 | E34: ORDOÑEZ MORALES LUIS MARTIN
A35: Proceso de Diseño | D35: =VLOOKUP(A35, Materias!A2:C180, 3, FALSE) -> 4 | E35: SERRANO SILVA IVAN ENRIQUE
A36: Diseño Editorial Digital | D36: =VLOOKUP(A36, Materias!A2:C180, 3, FALSE) -> 5 | E36: ZAMACONA PRADO NAYELI
A37: Inglés IV | D37: =VLOOKUP(A37, Materias!A2:C180, 3, FALSE) -> 4 | E37: COORDINACIÓN DE INGLES
A38: Formación Sociocultural IV | D38: =VLOOKUP(A38, Materias!A2:C180, 3, FALSE) -> 3 | E38: LANDIN HERREJON JOSE LUIS GUSTAVO
A39: Sesiones/Semana | D39: =SUM(D30:D38) -> 36
A41: Director de la División Académica de Diseño Digial Área Animación Nombre y Firma del Director (a) de la División Académica
A42: Mtro. Oliver Raúl Velázquez Torres

Sheet DDA501
A3: UNIVERSIDAD TECNOLÓGICA FIDEL VELÁZQUEZ
A5: División Académica de Telemática
A6: Carrera en Diseño Digital Área Animación
A7: Horario de Grupo
A8: Cuatrimestre: Enero - Abril | E8: GRUPO: DDA501
A9: Período: 2025-1 | C9: TUTOR: TELLEZ VELAZQUEZ SERGIO
A12: Hora | B12: Lunes | C12: Martes | D12: Miércoles | E12: Jueves | F12: Viernes | G12: Sábado
A13: 07:00 08:00 | C13: Animación en 3D - M203 | D13: Edición de Audio y Video - M202 | E13: Edición de Audio y Video - M202 | F13: Edición de Audio y Video - M202
A14: 08:00 09:00 | B14: Animación en 3D - M203 | C14: Animación en 3D - M203 | D14: Animación en 3D - M203 | E14: Edición de Audio y Video - M202 | F14: Edición de Audio y Video - M202
A15: 09:00 10:00 | B15: Animación en 3D - M203 | C15: Animación en 3D - M203 | D15: Animación en 3D - M203 | E15: Edición de Audio y Video - M202 | F15: Edición de Audio y Video - M202
A16: 10:00 11:00 | B16: Inglés V | C16: Inglés V | D16: Inglés V | E16: Inglés V | F16: Imagen Digital Animada - CCAI PC
A17: 11:00 12:00 | B17: Imagen Digital Animada - CCAI PC | C17: Integradora II - M209 | D17: Imagen Digital Animada - CCAI PC | E17: Animación en 3D - M203 | F17: Imagen Digital Animada - CCAI PC
A18: 12:00 13:00 | B18: Imagen Digital Animada - CCAI PC | C18: Integradora II - M209 | D18: Imagen Digital Animada - CCAI PC | E18: Imagen Digital Animada - CCAI PC
A19: 13:00 14:00 | B19: Expresión Oral y Escrita II - M205 | D19: Expresión Oral y Escrita II - M209 | E19: Imagen Digital Animada - CCAI PC
A20: 14:00 15:00 | B20: Expresión Oral y Escrita II - M205 | D20: Expresión Oral y Escrita II - M209 | E20: Expresión Oral y Escrita II - M209
A21: 15:00 16:00
A22: 16:00 17:00
A23: 17:00 18:00
A24: 18:00 19:00
A25: 19:00 20:00
A26: 20:00 21:00
A27: 21:00 22:00
A28: Horario generado: | G28: asc Horarios.
A29: Asignatura | D29: Horas | E29: Profesores
A30: Animación en 3D | D30: =VLOOKUP(A30, Materias!A2:C180, 3, FALSE) -> 8 | E30: BAEZA FLORES MARIA DEL CARMEN
A31: Edición de Audio y Video | D31: =VLOOKUP(A31, Materias!A2:C180, 3, FALSE) -> 7 | E31: TELLEZ VELAZQUEZ SERGIO
A32: Imagen Digital Animada | D32: =VLOOKUP(A32, Materias!A2:C180, 3, FALSE) -> 8 | E32: TORRES HERNANDEZ LUIS ENRIQUE
A33: Integradora II | D33: =VLOOKUP(A33, Materias!A2:C180, 3, FALSE) -> 2 | E33: LANDIN HERREJON JOSE LUIS GUSTAVO
A34: Inglés V | D34: =VLOOKUP(A34, Materias!A2:C180, 3, FALSE) -> 4 | E34: COORDINACIÓN DE INGLES
A35: Expresión Oral y Escrita II | D35: =VLOOKUP(A35, Materias!A2:C180, 3, FALSE) -> 5 | E35: VILLA CUETO MA. ISABEL
A36: Sesiones/Semana | D36: =SUM(D30:D35) -> 34
A38: Director de la División Académica de Diseño Digial Área Animación Nombre y Firma del Director (a) de la División Académica
A39: Mtro. Oliver Raúl Velázquez Torres

Sheet DDA502
A3: UNIVERSIDAD TECNOLÓGICA FIDEL VELÁZQUEZ
A5: División Académica de Telemática
A6: Carrera en Diseño Digital Área Animación
A7: Horario de Grupo
A8: Cuatrimestre: Enero - Abril | E8: GRUPO: DDA502
A9: Período: 2025-1 | C9: TUTOR: TELLEZ VELAZQUEZ SERGIO
A12: Hora | B12: Lunes | C12: Martes | D12: Miércoles | E12: Jueves | F12: Viernes | G12: Sábado
A13: 07:00 08:00 | C13: Animación en 3D | D13: Imagen Digital Animada
A14: 08:00 09:00 | B14: Expresión Oral y Escrita II | C14: Animación en 3D | D14: Edición de Audio y Video - M202 | E14: Imagen Digital Animada | F14: Integradora II
A15: 09:00 10:00 | B15: Expresión Oral y Escrita II | C15: Animación en 3D | D15: Edición de Audio y Video - M202 | E15: Imagen Digital Animada | F15: Expresión Oral y Escrita II
A16: 10:00 11:00 | B16: Inglés V | C16: Inglés V | D16: Inglés V | E16: Inglés V | F16: Expresión Oral y Escrita II
A17: 11:00 12:00 | B17: Imagen Digital Animada | C17: Imagen Digital Animada | E17: Edición de Audio y Video - M202 | F17: Edición de Audio y Video - M202
A18: 12:00 13:00 | B18: Imagen Digital Animada | C18: Imagen Digital Animada | E18: Edición de Audio y Video - M202 | F18: Edición de Audio y Video - M202
A19: 13:00 14:00 | B19: Imagen Digital Animada | C19: Integradora II | E19: Expresión Oral y Escrita II | F19: Edición de Audio y Video - M202
A20: 14:00 15:00 | B20: Animación en 3D | E20: Animación en 3D | F20: Animación en 3D
A21: 15:00 16:00 | E21: Animación en 3D | F21: Animación en 3D
A22: 16:00 17:00
A23: 17:00 18:00
A24: 18:00 19:00
A25: 19:00 20:00
A26: 20:00 21:00
A27: 21:00 22:00
A28: Horario generado: | G28: asc Horarios.
A29: Asignatura | D29: Horas | E29: Profesores
A30: Animación en 3D | D30: =VLOOKUP(A30, Materias!A2:C180, 3, FALSE) -> 8 | E30: IBARRA VAZQUEZ JESSICA DANIELA
A31: Edición de Audio y Video | D31: =VLOOKUP(A31, Materias!A2:C180, 3, FALSE) -> 7 | E31: TELLEZ VELAZQUEZ SERGIO
A32: Imagen Digital Animada | D32: =VLOOKUP(A32, Materias!A2:C180, 3, FALSE) -> 8 | E32: BAEZA FLORES MARIA DEL CARMEN
A33: Integradora II | D33: =VLOOKUP(A33, Materias!A2:C180, 3, FALSE) -> 2 | E33: MENDOZA CALVA HECTOR RAUL
A34: Inglés V | D34: =VLOOKUP(A34, Materias!A2:C180, 3, FALSE) -> 4 | E34: COORDINACIÓN DE INGLES
A35: Expresión Oral y Escrita II | D35: =VLOOKUP(A35, Materias!A2:C180, 3, FALSE) -> 5 | E35: LANDIN HERREJON JOSE LUIS GUSTAVO
A36: Sesiones/Semana | D36: =SUM(D30:D35) -> 34
A38: Director de la División Académica de Diseño Digial Área Animación Nombre y Firma del Director (a) de la División Académica
A39: Mtro. Oliver Raúl Velázquez Torres

Sheet DDA503
A3: UNIVERSIDAD TECNOLÓGICA FIDEL VELÁZQUEZ
A5: División Académica de Telemática
A6: Carrera en Diseño Digital Área Animación
A7: Horario de Grupo
A8: Cuatrimestre: Enero - Abril | E8: GRUPO: DDA503
A9: Período: 2025-1 | C9: TUTOR: LANDIN HERREJON JOSE LUIS GUSTAVO
A12: Hora | B12: Lunes | C12: Martes | D12: Miércoles | E12: Jueves | F12: Viernes | G12: Sábado
A13: 07:00 08:00 | B13: Edición de Audio y Video - M202 | C13: Edición de Audio y Video - M202 | D13: Animación en 3D - Lab. Info. Básica | F13: Animación en 3D - Lab. Info. Básica
A14: 08:00 09:00 | B14: Edición de Audio y Video - M202 | C14: Edición de Audio y Video - M202 | D14: Animación en 3D - Lab. Info. Básica | E14: Imagen Digital Animada | F14: Animación en 3D - Lab. Info. Básica
A15: 09:00 10:00 | B15: Edición de Audio y Video - M202 | C15: Edición de Audio y Video - M202 | D15: Animación en 3D - Lab. Info. Básica | E15: Imagen Digital Animada | F15: Imagen Digital Animada
A16: 10:00 11:00 | B16: Inglés V | C16: Inglés V | D16: Inglés V | E16: Inglés V | F16: Imagen Digital Animada
A17: 11:00 12:00 | B17: Expresión Oral y Escrita II | C17: Expresión Oral y Escrita II | D17: Imagen Digital Animada | E17: Animación en 3D - M106 | F17: Imagen Digital Animada
A18: 12:00 13:00 | B18: Expresión Oral y Escrita II | C18: Expresión Oral y Escrita II | D18: Imagen Digital Animada | E18: Animación en 3D - M106 | F18: Imagen Digital Animada
A19: 13:00 14:00 | B19: Integradora II | C19: Integradora II | D19: Expresión Oral y Escrita II | E19: Animación en 3D - M106
A20: 14:00 15:00 | E20: Edición de Audio y Video - M204
A21: 15:00 16:00
A22: 16:00 17:00
A23: 17:00 18:00
A24: 18:00 19:00
A25: 19:00 20:00
A26: 20:00 21:00
A27: 21:00 22:00
A28: Horario generado: | G28: asc Horarios.
A29: Asignatura | D29: Horas | E29: Profesores
A30: Animación en 3D | D30: =VLOOKUP(A30, Materias!A2:C180, 3, FALSE) -> 8 | E30: IBARRA VAZQUEZ JESSICA DANIELA
A31: Edición de Audio y Video | D31: =VLOOKUP(A31, Materias!A2:C180, 3, FALSE) -> 7 | E31: TELLEZ VELAZQUEZ SERGIO
A32: Imagen Digital Animada | D32: =VLOOKUP(A32, Materias!A2:C180, 3, FALSE) -> 8 | E32: ISLAS GONZALEZ YUNUEN
A33: Integradora II | D33: =VLOOKUP(A33, Materias!A2:C180, 3, FALSE) -> 2 | E33: ROJAS DIEGO RAUL
A34: Inglés V | D34: =VLOOKUP(A34, Materias!A2:C180, 3, FALSE) -> 4 | E34: COORDINACIÓN DE INGLES
A35: Expresión Oral y Escrita II | D35: =VLOOKUP(A35, Materias!A2:C180, 3, FALSE) -> 5 | E35: MALDONADO GUERRERO ALHAN GERARD
A36: Sesiones/Semana | D36: =SUM(D30:D35) -> 34
A38: Director de la División Académica de Diseño Digial Área Animación Nombre y Firma del Director (a) de la División Académica
A39: Mtro. Oliver Raúl Velázquez Torres

Sheet DDA504
A3: UNIVERSIDAD TECNOLÓGICA FIDEL VELÁZQUEZ
A5: División Académica de Telemática
A6: Carrera en Diseño Digital Área Animación
A7: Horario de Grupo
A8: Cuatrimestre: Enero - Abril | E8: GRUPO: DDA504
A9: Período: 2025-1 | C9: TUTOR: ESPINOSA JIMENEZ MARIA MARGARITA
A12: Hora | B12: Lunes | C12: Martes | D12: Miércoles | E12: Jueves | F12: Viernes | G12: Sábado
A13: 07:00 08:00
A14: 08:00 09:00
A15: 09:00 10:00
A16: 10:00 11:00
A17: 11:00 12:00
A18: 12:00 13:00 | D18: Expresión Oral y Escrita II - M103
A19: 13:00 14:00 | B19: Imagen Digital Animada - M108 | C19: Animación en 3D - CCAI MAC | D19: Expresión Oral y Escrita II - M103 | E19: Animación en 3D - CCAI MAC | F19: Animación en 3D - CCAI MAC
A20: 14:00 15:00 | B20: Edición de Audio y Video - CCAI MAC | C20: Animación en 3D - CCAI MAC | D20: Edición de Audio y Video - CCAI MAC | E20: Animación en 3D - CCAI MAC | F20: Animación en 3D - CCAI MAC
A21: 15:00 16:00 | B21: Edición de Audio y Video - CCAI MAC | C21: Animación en 3D - CCAI MAC | D21: Edición de Audio y Video - CCAI MAC | E21: Animación en 3D - CCAI MAC | F21: Expresión Oral y Escrita II - M103
A22: 16:00 17:00 | B22: Inglés V | C22: Inglés V | D22: Inglés V | E22: Inglés V | F22: Expresión Oral y Escrita II - M103
A23: 17:00 18:00 | B23: Integradora II - M206 | C23: Edición de Audio y Video - CCAI MAC | D23: Imagen Digital Animada - M108 | E23: Expresión Oral y Escrita II - M103 | F23: Imagen Digital Animada - M108
A24: 18:00 19:00 | B24: Integradora II - M206 | C24: Edición de Audio y Video - CCAI MAC | D24: Imagen Digital Animada - M108 | E24: Imagen Digital Animada - M108 | F24: Imagen Digital Animada - M108
A25: 19:00 20:00 | C25: Edición de Audio y Video - CCAI MAC | E25: Imagen Digital Animada - M108
A26: 20:00 21:00 | E26: Imagen Digital Animada - M108
A27: 21:00 22:00
A28: Horario generado: | G28: asc Horarios.
A29: Asignatura | D29: Horas | E29: Profesores
A30: Animación en 3D | D30: =VLOOKUP(A30, Materias!A2:C180, 3, FALSE) -> 8 | E30: ISLAS GONZALEZ YUNUEN
A31: Edición de Audio y Video | D31: =VLOOKUP(A31, Materias!A2:C180, 3, FALSE) -> 7 | E31: MALDONADO GUERRERO ALHAN GERARD
A32: Imagen Digital Animada | D32: =VLOOKUP(A32, Materias!A2:C180, 3, FALSE) -> 8 | E32: TORRES HERNANDEZ LUIS ENRIQUE
A33: Integradora II | D33: =VLOOKUP(A33, Materias!A2:C180, 3, FALSE) -> 2 | E33: ESPINOSA JIMENEZ MARIA MARGARITA
A34: Inglés V | D34: =VLOOKUP(A34, Materias!A2:C180, 3, FALSE) -> 4 | E34: COORDINACIÓN DE INGLES
A35: Expresión Oral y Escrita II | D35: =VLOOKUP(A35, Materias!A2:C180, 3, FALSE) -> 5 | E35: ESPINOSA JIMENEZ MARIA MARGARITA
A36: Sesiones/Semana | D36: =SUM(D30:D35) -> 34
A38: Director de la División Académica de Diseño Digial Área Animación Nombre y Firma del Director (a) de la División Académica
A39: Mtro. Oliver Raúl Velázquez Torres

Sheet DDA505
A3: UNIVERSIDAD TECNOLÓGICA FIDEL VELÁZQUEZ
A5: División Académica de Telemática
A6: Carrera en Diseño Digital Área Animación
A7: Horario de Grupo
A8: Cuatrimestre: Enero - Abril | E8: GRUPO: DDA505
A9: Período: 2025-1 | C9: TUTOR: OLMOS ZARIÑAN GRISELDA
A12: Hora | B12: Lunes | C12: Martes | D12: Miércoles | E12: Jueves | F12: Viernes | G12: Sábado
A13: 07:00 08:00
A14: 08:00 09:00
A15: 09:00 10:00
A16: 10:00 11:00
A17: 11:00 12:00
A18: 12:00 13:00 | D18: Empleabilidad Wadhwani NP
A19: 13:00 14:00 | B19: Imagen Digital Animada - M202 | C19: Expresión Oral y Escrita II - M209 | D19: Imagen Digital Animada - M204 | E19: Animación en 3D - M203 | F19: Expresión Oral y Escrita II - M205
A20: 14:00 15:00 | B20: Imagen Digital Animada - M202 | C20: Edición de Audio y Video - M204 | D20: Imagen Digital Animada - M204 | E20: Expresión Oral y Escrita II - M205 | F20: Expresión Oral y Escrita II - M205
A21: 15:00 16:00 | B21: Imagen Digital Animada - M202 | C21: Edición de Audio y Video - M204 | D21: Imagen Digital Animada - M204 | E21: Expresión Oral y Escrita II - M205
A22: 16:00 17:00 | B22: Inglés V | C22: Inglés V | D22: Inglés V | E22: Inglés V | F22: Animación en 3D - M203
A23: 17:00 18:00 | B23: Edición de Audio y Video - M204 | C23: Imagen Digital Animada - M204 | D23: Animación en 3D - M203 | E23: Edición de Audio y Video - M204 | F23: Animación en 3D - M203
A24: 18:00 19:00 | B24: Edición de Audio y Video - M204 | C24: Imagen Digital Animada - M204 | D24: Animación en 3D - M203 | E24: Edición de Audio y Video - M204 | F24: Animación en 3D - M203
A25: 19:00 20:00 | B25: Integradora II - M206 | C25: Empleabilidad Wadhwani NP | D25: Animación en 3D - M203 | E25: Edición de Audio y Video - M204 | F25: Animación en 3D - M203
A26: 20:00 21:00 | B26: Integradora II - M206 | C26: Empleabilidad Wadhwani NP | E26: Empleabilidad Wadhwani NP
A27: 21:00 22:00 | E27: Empleabilidad Wadhwani NP
A28: Horario generado: | G28: asc Horarios.
A29: Asignatura | D29: Horas | E29: Profesores
A30: Animación en 3D | D30: =VLOOKUP(A30, Materias!A2:C180, 3, FALSE) -> 8 | E30: OLMOS ZARIÑAN GRISELDA
A31: Edición de Audio y Video | D31: =VLOOKUP(A31, Materias!A2:C180, 3, FALSE) -> 7 | E31: MALDONADO GUERRERO ALHAN GERARD
A32: Imagen Digital Animada | D32: =VLOOKUP(A32, Materias!A2:C180, 3, FALSE) -> 8 | E32: ISLAS GONZALEZ YUNUEN
A33: Integradora II | D33: =VLOOKUP(A33, Materias!A2:C180, 3, FALSE) -> 2 | E33: GONZALEZ GARCIA VERONICA
A34: Inglés V | D34: =VLOOKUP(A34, Materias!A2:C180, 3, FALSE) -> 4 | E34: COORDINACIÓN DE INGLES
A35: Expresión Oral y Escrita II | D35: =VLOOKUP(A35, Materias!A1:C179, 3, FALSE) -> 5 | E35: ESPINOSA JIMENEZ MARIA MARGARITA
A36: Empleabilidad Wadhwani | D36: 5 | E36: BAEZA FLORES MARIA DEL CARMEN
A37: Sesiones/Semana | D37: =SUM(D30:D35) -> 34
A39: Director de la División Académica de Diseño Digial Área Animación Nombre y Firma del Director (a) de la División Académica
A40: Mtro. Oliver Raúl Velázquez Torres

Sheet LDDPA701
A3: UNIVERSIDAD TECNOLÓGICA FIDEL VELÁZQUEZ
A5: División Académica de Telemática
A6: Carrera en Licenciatura en Diseño Digital y Producción Audiovisual
A7: Horario de Grupo
A8: Cuatrimestre: Enero - Abril | E8: GRUPO: DDA701
A9: Período: 2025-1 | C9: TUTOR: ZAMACONA PRADO NAYELI
A12: Hora | B12: Lunes | C12: Martes | D12: Miércoles | E12: Jueves | F12: Viernes | G12: Sábado
A13: 07:00 08:00
A14: 08:00 09:00
A15: 09:00 10:00
A16: 10:00 11:00
A17: 11:00 12:00
A18: 12:00 13:00 | D18: Mercadotecnia Digital - L104
A19: 13:00 14:00
A20: 14:00 15:00 | B20: Estética Digital - M208 | C20: Metodología de Diseño - M211 | D20: Estética Digital - M208 | E20: Mercadotecnia Digital - L104
A21: 15:00 16:00 | B21: Estética Digital - M208 | C21: Metodología de Diseño - M211 | D21: Estética Digital - M208 | E21: Mercadotecnia Digital - L104
A22: 16:00 17:00 | B22: Inglés VI | C22: Inglés VI | D22: Inglés VI | E22: Inglés VI
A23: 17:00 18:00 | B23: Estadística - M211 | C23: Semiótica y Hermenéutica - M211 | D23: Metodología de Diseño - M201 | E23: Estadística - M211
A24: 18:00 19:00 | B24: Estadística - M211 | C24: Semiótica y Hermenéutica - M211 | D24: Metodología de Diseño - M201 | E24: Administración del Tiempo - M211
A25: 19:00 20:00 | D25: Semiótica y Hermenéutica - M211 | E25: Administración del Tiempo - M211
A26: 20:00 21:00 | D26: Semiótica y Hermenéutica - M211 | E26: Administración del Tiempo - M211
A27: 21:00 22:00
A28: Horario generado: | G28: asc Horarios.
A29: Asignatura | D29: Horas | E29: Profesores
A30: Estadística | D30: =VLOOKUP(A30, Materias!A2:C180, 3, FALSE) -> 3 | E30: MARTINEZ VEGA FERMIN
A31: Semiótica y Hermenéutica | D31: =VLOOKUP(A31, Materias!A2:C180, 3, FALSE) -> 4 | E31: ORDOÑEZ MORALES LUIS MARTIN
A32: Mercadotecnia Digital | D32: =VLOOKUP(A32, Materias!A2:C180, 3, FALSE) -> 3 | E32: RAMOS GAMA JOSELYN KAREN
A33: Metodología de Diseño | D33: =VLOOKUP(A33, Materias!A2:C180, 3, FALSE) -> 4 | E33: ZAMACONA PRADO NAYELI
A34: Estética Digital | D34: =VLOOKUP(A34, Materias!A2:C180, 3, FALSE) -> 4 | E34: MONROY TREJO ALEJANDRO
A35: Inglés VI | D35: =VLOOKUP(A35, Materias!A3:C181, 3, FALSE) -> 4 | E35: COORDINACIÓN DE INGLES
A36: Administración del Tiempo | D36: =VLOOKUP(A36, Materias!A4:C182, 3, FALSE) -> 3 | E36: TORRES RODRIGUEZ KATHERINNE ARANZA
A37: Sesiones/Semana | D37: =SUM(D30:D36) -> 25
A39: Director de la División Académica de Diseño Digial Área Animación Nombre y Firma del Director (a) de la División Académica
A40: Mtro. Oliver Raúl Velázquez Torres

Sheet LDDPA702
A3: UNIVERSIDAD TECNOLÓGICA FIDEL VELÁZQUEZ
A5: División Académica de Telemática
A6: Carrera en Licenciatura en Diseño Digital y Producción Audiovisual
A7: Horario de Grupo
A8: Cuatrimestre: Enero - Abril | E8: GRUPO: DDA702
A9: Período: 2025-1 | C9: TUTOR: ZAMACONA PRADO NAYELI
A12: Hora | B12: Lunes | C12: Martes | D12: Miércoles | E12: Jueves | F12: Viernes | G12: Sábado
A13: 07:00 08:00
A14: 08:00 09:00
A15: 09:00 10:00
A16: 10:00 11:00
A17: 11:00 12:00
A18: 12:00 13:00
A19: 13:00 14:00 | B19: Mercadotecnia Digital - M105 | E19: Estadística - L106
A20: 14:00 15:00 | B20: Mercadotecnia Digital - M105 | C20: Estética Digital - M208 | D20: Metodología de Diseño - M105 | E20: Estadística - L106
A21: 15:00 16:00 | B21: Mercadotecnia Digital - M105 | C21: Estética Digital - M208 | D21: Metodología de Diseño - M105 | E21: Estadística - L106
A22: 16:00 17:00 | B22: Inglés VI | C22: Inglés VI | D22: Inglés VI | E22: Inglés VI
A23: 17:00 18:00 | B23: Administración del Tiempo - M105 | C23: Metodología de Diseño - M105 | D23: Semiótica y Hermenéutica - M105 | E23: Estética Digital - M208
A24: 18:00 19:00 | B24: Administración del Tiempo - M105 | C24: Metodología de Diseño - M105 | D24: Semiótica y Hermenéutica - M105 | E24: Estética Digital - M208
A25: 19:00 20:00 | B25: Administración del Tiempo - M105 | C25: Semiótica y Hermenéutica - M105
A26: 20:00 21:00 | C26: Semiótica y Hermenéutica - M105
A27: 21:00 22:00
A28: Horario generado: | G28: asc Horarios.
A29: Asignatura | D29: Horas | E29: Profesores
A30: Estadística | D30: =VLOOKUP(A30, Materias!A2:C180, 3, FALSE) -> 3 | E30: MARTINEZ VEGA FERMIN
A31: Semiótica y Hermenéutica | D31: =VLOOKUP(A31, Materias!A2:C180, 3, FALSE) -> 4 | E31: ORDOÑEZ MORALES LUIS MARTIN
A32: Mercadotecnia Digital | D32: =VLOOKUP(A32, Materias!A2:C180, 3, FALSE) -> 3 | E32: RAMOS GAMA JOSELYN KAREN
A33: Metodología de Diseño | D33: =VLOOKUP(A33, Materias!A2:C180, 3, FALSE) -> 4 | E33: ZAMACONA PRADO NAYELI
A34: Estética Digital | D34: =VLOOKUP(A34, Materias!A2:C180, 3, FALSE) -> 4 | E34: MONROY TREJO ALEJANDRO
A35: Inglés VI | D35: =VLOOKUP(A35, Materias!A3:C181, 3, FALSE) -> 4 | E35: COORDINACIÓN DE INGLES
A36: Administración del Tiempo | D36: =VLOOKUP(A36, Materias!A4:C182, 3, FALSE) -> 3 | E36: TORRES RODRIGUEZ KATHERINNE ARANZA
A37: Sesiones/Semana | D37: =SUM(D30:D36) -> 25
A39: Director de la División Académica de Diseño Digial Área Animación Nombre y Firma del Director (a) de la División Académica
A40: Mtro. Oliver Raúl Velázquez Torres

Sheet LDDPA801
A3: UNIVERSIDAD TECNOLÓGICA FIDEL VELÁZQUEZ
A5: División Académica de Telemática
A6: Carrera en Licenciatura en Diseño Digital y Producción Audiovisual
A7: Horario de Grupo
A8: Cuatrimestre: Enero - Abril | E8: GRUPO: LDDPA801
A9: Período: 2025-1 | C9: TUTOR: MORENO LOAIZA CAROLINA
A12: Hora | B12: Lunes | C12: Martes | D12: Miércoles | E12: Jueves | F12: Viernes | G12: Sábado
A13: 07:00 08:00
A14: 08:00 09:00
A15: 09:00 10:00
A16: 10:00 11:00
A17: 11:00 12:00
A18: 12:00 13:00
A19: 13:00 14:00 | C19: Animación 2D Avanzada - M202
A20: 14:00 15:00 | B20: Planeación y Organización del Trabajo - M103 | C20: Animación 2D Avanzada - M202 | E20: Diseño de Interfaz Web - M102
A21: 15:00 16:00 | B21: Planeación y Organización del Trabajo - M103 | C21: Animación 2D Avanzada - M202 | E21: Diseño de Interfaz Web - M102 | F21: Diseño de Interfaz Web - M102
A22: 16:00 17:00 | B22: Inglés VII | C22: Inglés VII | D22: Inglés VII | E22: Inglés VII | F22: Diseño de Interfaz Web - M102
A23: 17:00 18:00 | B23: Imagen Corporativa - M205 | C23: Imagen Corporativa - M205 | D23: Imagen Corporativa - M205 | E23: Animación 2D Avanzada - M202 | F23: Planeación y Organización del Trabajo - M103
A24: 18:00 19:00 | B24: Imagen Corporativa - M205 | C24: Imagen Corporativa - M205 | D24: Imagen Corporativa - M205 | E24: Animación 2D Avanzada - M202
A25: 19:00 20:00 | D25: Animación 2D Avanzada - M202 | E25: Animación 2D Avanzada - M202
A26: 20:00 21:00
A27: 21:00 22:00
A28: Horario generado: | G28: asc Horarios.
A29: Asignatura | D29: Horas | E29: Profesores
A30: Imagen Corporativa | D30: =VLOOKUP(A30, Materias!A2:C180, 3, FALSE) -> 6 | E30: ROJAS DIEGO RAUL
A31: Diseño de Interfaz Web | D31: =VLOOKUP(A31, Materias!A2:C180, 3, FALSE) -> 4 | E31: PEREZ SANCHEZ RAFAEL
A32: Animación 2D Avanzada | D32: =VLOOKUP(A32, Materias!A2:C180, 3, FALSE) -> 7 | E32: MORENO LOAIZA CAROLINA
A33: Inglés VII | D33: =VLOOKUP(A33, Materias!A2:C180, 3, FALSE) -> 4 | E33: COORDINACIÓN DE INGLES
A34: Planeación y Organización del Trabajo | D34: =VLOOKUP(A34, Materias!A2:C180, 3, FALSE) -> 3 | E34: MURGUIA GONZALEZ CYNTHIA BEATRIZ
A35: Sesiones/Semana | D35: =SUM(D30:D34) -> 24
A37: Director de la División Académica de Diseño Digial Área Animación Nombre y Firma del Director (a) de la División Académica
A38: Mtro. Oliver Raúl Velázquez Torres

Sheet LDDPA802
A3: UNIVERSIDAD TECNOLÓGICA FIDEL VELÁZQUEZ
A5: División Académica de Telemática
A6: Carrera en Licenciatura en Diseño Digital y Producción Audiovisual
A7: Horario de Grupo
A8: Cuatrimestre: Enero - Abril | E8: GRUPO: LDDPA802
A9: Período: 2025-1 | C9: TUTOR: MORENO LOAIZA CAROLINA
A12: Hora | B12: Lunes | C12: Martes | D12: Miércoles | E12: Jueves | F12: Viernes | G12: Sábado
A13: 07:00 08:00
A14: 08:00 09:00
A15: 09:00 10:00
A16: 10:00 11:00
A17: 11:00 12:00
A18: 12:00 13:00
A19: 13:00 14:00
A20: 14:00 15:00 | B20: Imagen Corporativa - M209 | C20: Imagen Corporativa - M209 | D20: Animación 2D Avanzada - M202 | E20: Diseño de Interfaz Web - M106 | F20: Animación 2D Avanzada - M202
A21: 15:00 16:00 | B21: Imagen Corporativa - M209 | C21: Imagen Corporativa - M209 | D21: Animación 2D Avanzada - M202 | E21: Diseño de Interfaz Web - M106 | F21: Animación 2D Avanzada - M202
A22: 16:00 17:00 | B22: Inglés VII | C22: Inglés VII | D22: Inglés VII | E22: Inglés VII | F22: Diseño de Interfaz Web - M106
A23: 17:00 18:00 | B23: Planeación y Organización del Trabajo - M209 | C23: Animación 2D Avanzada - M202 | E23: Imagen Corporativa - M209 | F23: Diseño de Interfaz Web - M106
A24: 18:00 19:00 | C24: Animación 2D Avanzada - M202 | E24: Imagen Corporativa - M209 | F24: Planeación y Organización del Trabajo - M209
A25: 19:00 20:00 | C25: Animación 2D Avanzada - M202 | F25: Planeación y Organización del Trabajo - M209
A26: 20:00 21:00
A27: 21:00 22:00
A28: Horario generado: | G28: asc Horarios.
A29: Asignatura | D29: Horas | E29: Profesores
A30: Imagen Corporativa | D30: =VLOOKUP(A30, Materias!A2:C180, 3, FALSE) -> 6 | E30: ROJAS DIEGO RAUL
A31: Diseño de Interfaz Web | D31: =VLOOKUP(A31, Materias!A2:C180, 3, FALSE) -> 4 | E31: RODRIGUEZ SANCHEZ LUIS FERNANDO
A32: Animación 2D Avanzada | D32: =VLOOKUP(A32, Materias!A2:C180, 3, FALSE) -> 7 | E32: MORENO LOAIZA CAROLINA
A33: Inglés VII | D33: =VLOOKUP(A33, Materias!A2:C180, 3, FALSE) -> 4 | E33: COORDINACIÓN DE INGLES
A34: Planeación y Organización del Trabajo | D34: =VLOOKUP(A34, Materias!A2:C180, 3, FALSE) -> 3 | E34: MURGUIA GONZALEZ CYNTHIA BEATRIZ
A35: Sesiones/Semana | D35: =SUM(D30:D34) -> 24
A37: Director de la División Académica de Diseño Digial Área Animación Nombre y Firma del Director (a) de la División Académica
A38: Mtro. Oliver Raúl Velázquez Torres

Sheet LDDPA803
A3: UNIVERSIDAD TECNOLÓGICA FIDEL VELÁZQUEZ
A5: División Académica de Telemática
A6: Carrera en Licenciatura en Diseño Digital y Producción Audiovisual
A7: Horario de Grupo
A8: Cuatrimestre: Enero - Abril | E8: GRUPO: LDDPA803
A9: Período: 2025-1 | C9: TUTOR: MORENO LOAIZA CAROLINA
A12: Hora | B12: Lunes | C12: Martes | D12: Miércoles | E12: Jueves | F12: Viernes | G12: Sábado
A13: 07:00 08:00
A14: 08:00 09:00
A15: 09:00 10:00
A16: 10:00 11:00
A17: 11:00 12:00
A18: 12:00 13:00
A19: 13:00 14:00
A20: 14:00 15:00 | E20: Animación 2D Avanzada - M202 | F20: Imagen Corporativa - M101
A21: 15:00 16:00 | E21: Animación 2D Avanzada - M202 | F21: Imagen Corporativa - M101
A22: 16:00 17:00 | B22: Inglés VII | C22: Inglés VII | D22: Inglés VII | E22: Inglés VII | F22: Animación 2D Avanzada - M202
A23: 17:00 18:00 | C23: Diseño de Interfaz Web - M106 | D23: Animación 2D Avanzada - M202 | E23: Diseño de Interfaz Web - M106 | F23: Animación 2D Avanzada - M202
A24: 18:00 19:00 | B24: Planeación y Organización del Trabajo - M101 | C24: Diseño de Interfaz Web - M106 | D24: Animación 2D Avanzada - M202 | E24: Diseño de Interfaz Web - M106 | F24: Animación 2D Avanzada - M202
A25: 19:00 20:00 | B25: Planeación y Organización del Trabajo - M101 | C25: Imagen Corporativa - M101 | D25: Imagen Corporativa - M101
A26: 20:00 21:00 | B26: Planeación y Organización del Trabajo - M101 | C26: Imagen Corporativa - M101 | D26: Imagen Corporativa - M101
A27: 21:00 22:00
A28: Horario generado: | G28: asc Horarios.
A29: Asignatura | D29: Horas | E29: Profesores
A30: Imagen Corporativa | D30: =VLOOKUP(A30, Materias!A2:C180, 3, FALSE) -> 6 | E30: ROJAS DIEGO RAUL
A31: Diseño de Interfaz Web | D31: =VLOOKUP(A31, Materias!A2:C180, 3, FALSE) -> 4 | E31: RODRIGUEZ SANCHEZ LUIS FERNANDO
A32: Animación 2D Avanzada | D32: =VLOOKUP(A32, Materias!A2:C180, 3, FALSE) -> 7 | E32: MORENO LOAIZA CAROLINA
A33: Inglés VII | D33: =VLOOKUP(A33, Materias!A2:C180, 3, FALSE) -> 4 | E33: COORDINACIÓN DE INGLES
A34: Planeación y Organización del Trabajo | D34: =VLOOKUP(A34, Materias!A2:C180, 3, FALSE) -> 3 | E34: MURGUIA GONZALEZ CYNTHIA BEATRIZ
A35: Sesiones/Semana | D35: =SUM(D30:D34) -> 24
A37: Director de la División Académica de Diseño Digial Área Animación Nombre y Firma del Director (a) de la División Académica
A38: Mtro. Oliver Raúl Velázquez Torres

Sheet LDDPAE804
A3: UNIVERSIDAD TECNOLÓGICA FIDEL VELÁZQUEZ
A5: División Académica de Telemática
A6: Carrera en Licenciatura en Diseño Digital y Producción Audiovisual
A7: Horario de Grupo
A8: Cuatrimestre: Enero - Abril | E8: GRUPO: LDDPAE804
A9: Período: 2025-1 | C9: TUTOR: ISLAS GONZALEZ YUNUEN
A12: Hora | B12: Lunes | C12: Martes | D12: Miércoles | E12: Jueves | F12: Viernes | G12: Sábado
A13: 07:00 08:00 | G13: Imagen Corporativa - M101
A14: 08:00 09:00 | G14: Imagen Corporativa - M101
A15: 09:00 10:00 | G15: Imagen Corporativa - M101
A16: 10:00 11:00 | G16: Planeación y Organización del Trabajo - M101
A17: 11:00 12:00 | G17: Planeación y Organización del Trabajo - M101
A18: 12:00 13:00 | G18: Inglés VII
A19: 13:00 14:00 | G19: Inglés VII
A20: 14:00 15:00
A21: 15:00 16:00 | F21: Animación 2D Avanzada - BITMAP
A22: 16:00 17:00 | F22: Animación 2D Avanzada - BITMAP
A23: 17:00 18:00 | F23: Animación 2D Avanzada - BITMAP
A24: 18:00 19:00 | B24: Animación 2D Avanzada NP | C24: Inglés VII NP | D24: Animación 2D Avanzada NP | F24: Diseño de Interfaz Web - M102
A25: 19:00 20:00 | B25: Animación 2D Avanzada NP | C25: Inglés VII NP | D25: | | F25: Diseño de Interfaz Web - M102
A26: 20:00 21:00 | B26: Imagen Corporativa NP | C26: Planeación y Organización del Trabajo NP | D26: Diseño de Interfaz Web NP
A27: 21:00 22:00 | B27: Imagen Corporativa NP | C27: Imagen Corporativa NP | D27: Diseño de Interfaz Web NP
A28: Horario generado: | G28: asc Horarios.
A29: Asignatura | D29: Horas | E29: Profesores
A30: Imagen Corporativa | D30: =VLOOKUP(A30, Materias!A2:C180, 3, FALSE) -> 6 | E30: BAEZA FLORES MARIA DEL CARMEN
A31: Diseño de Interfaz Web | D31: =VLOOKUP(A31, Materias!A2:C180, 3, FALSE) -> 4 | E31: RODRIGUEZ SANCHEZ LUIS FERNANDO
A32: Animación 2D Avanzada | D32: =VLOOKUP(A32, Materias!A2:C180, 3, FALSE) -> 7 | E32: ISLAS GONZALEZ YUNUEN
A33: Inglés VII | D33: =VLOOKUP(A33, Materias!A2:C180, 3, FALSE) -> 4 | E33: COORDINACIÓN DE INGLES
A34: Planeación y Organización del Trabajo | D34: =VLOOKUP(A34, Materias!A2:C180, 3, FALSE) -> 3 | E34: TIRADOR GOMEZ DANIELA LIZETH
A35: Sesiones/Semana | D35: =SUM(D30:D34) -> 24
A37: Director de la División Académica de Diseño Digial Área Animación Nombre y Firma del Director (a) de la División Académica
A38: Mtro. Oliver Raúl Velázquez Torres

Sheet LDDPA901
A3: UNIVERSIDAD TECNOLÓGICA FIDEL VELÁZQUEZ
A5: División Académica de Telemática
A6: Carrera en Licenciatura en Diseño Digital y Producción Audiovisual
A7: Horario de Grupo
A8: Cuatrimestre: Enero - Abril | E8: GRUPO: LDDPA901
A9: Período: 2025-1 | C9: TUTOR: OLMOS ZARIÑAN GRISELDA
A12: Hora | B12: Lunes | C12: Martes | D12: Miércoles | E12: Jueves | F12: Viernes | G12: Sábado
A13: 07:00 08:00
A14: 08:00 09:00
A15: 09:00 10:00
A16: 10:00 11:00
A17: 11:00 12:00
A18: 12:00 13:00
A19: 13:00 14:00
A20: 14:00 15:00 | B20: Modelado y Espacios Virtuales - M203 | C20: Diseño Publicitario y Medios Digitales - M210 | D20: Modelado y Espacios Virtuales - M203 | E20: Proceso de Producción Audiovisual - M208 | F20: Modelado y Espacios Virtuales - M203
A21: 15:00 16:00 | B21: Modelado y Espacios Virtuales - M203 | C21: Diseño Publicitario y Medios Digitales - M210 | D21: Modelado y Espacios Virtuales - M203 | E21: Proceso de Producción Audiovisual - M208 | F21: Modelado y Espacios Virtuales - M203
A22: 16:00 17:00 | B22: Inglés VIII | C22: Inglés VIII | D22: Inglés VIII | E22: Inglés VIII | F22: Diseño Gráfico Experimental - M208
A23: 17:00 18:00 | B23: Diseño Publicitario y Medios Digitales - M208 | C23: Dirección de Equipos de Alto Rendimiento - M210 | D23: Proceso de Producción Audiovisual - M208 | F23: Diseño Gráfico Experimental - M208
A24: 18:00 19:00 | B24: Diseño Publicitario y Medios Digitales - M208 | C24: Dirección de Equipos de Alto Rendimiento - M210 | D24: Proceso de Producción Audiovisual - M208 | F24: Diseño Gráfico Experimental - M208
A25: 19:00 20:00 | B25: Proceso de Producción Audiovisual - M208
A26: 20:00 21:00 | B26: Proceso de Producción Audiovisual - M208
A27: 21:00 22:00
A28: Horario generado: | G28: asc Horarios.
A29: Asignatura | D29: Horas | E29: Profesores
A30: Proceso de Producción Audiovisual | D30: =VLOOKUP(A30, Materias!A2:C180, 3, FALSE) -> 6 | E30: MALDONADO GUERRERO ALHAN GERARD
A31: Diseño Publicitario y Medios Digitales | D31: =VLOOKUP(A31, Materias!A2:C180, 3, FALSE) -> 4 | E31: RAMOS GAMA JOSELYN KAREN
A32: Diseño Gráfico Experimental | D32: =VLOOKUP(A32, Materias!A2:C180, 3, FALSE) -> 3 | E32: ROJAS DIEGO RAUL
A33: Modelado y Espacios Virtuales | D33: =VLOOKUP(A33, Materias!A2:C180, 3, FALSE) -> 6 | E33: OLMOS ZARIÑAN GRISELDA
A34: Inglés VIII | D34: =VLOOKUP(A34, Materias!A3:C181, 3, FALSE) -> 4 | E34: COORDINACIÓN DE INGLES
A35: Dirección de Equipos de Alto Rendimiento | D35: =VLOOKUP(A35, Materias!A4:C182, 3, FALSE) -> 2 | E35: RAMOS GAMA JOSELYN KAREN
A36: Sesiones/Semana | D36: =SUM(D30:D35) -> 25
A38: Director de la División Académica de Diseño Digial Área Animación Nombre y Firma del Director (a) de la División Académica
A39: Mtro. Oliver Raúl Velázquez Torres

Sheet LDDPA1001
A3: UNIVERSIDAD TECNOLÓGICA FIDEL VELÁZQUEZ
A5: División Académica de Telemática
A6: Carrera en Licenciatura en Diseño Digital y Producción Audiovisual
A7: Horario de Grupo
A8: Cuatrimestre: Enero - Abril | E8: GRUPO: LDDPA1001
A9: Período: 2025-1 | C9: TUTOR: OLMOS ZARIÑAN GRISELDA
A12: Hora | B12: Lunes | C12: Martes | D12: Miércoles | E12: Jueves | F12: Viernes | G12: Sábado
A13: 07:00 08:00
A14: 08:00 09:00
A15: 09:00 10:00
A16: 10:00 11:00
A17: 11:00 12:00
A18: 12:00 13:00
A19: 13:00 14:00 | C19: Integradora I - M104 | E19: Integradora I - M104
A20: 14:00 15:00 | C20: Gestión de Proyectos - M205 | D20: Gestión de Proyectos - M205 | E20: Postproducción Audiovisual - BITMAP
A21: 15:00 16:00 | C21: Gestión de Proyectos - M205 | D21: Gestión de Proyectos - M205 | E21: Postproducción Audiovisual - BITMAP
A22: 16:00 17:00 | B22: Inglés IX | C22: Inglés IX | D22: Inglés IX | E22: Inglés IX
A23: 17:00 18:00 | B23: Postproducción Audiovisual - BITMAP | C23: Animación de Personajes 3D - M203 | D23: Postproducción Audiovisual - BITMAP | E23: Animación de Personajes 3D - M203
A24: 18:00 19:00 | B24: Postproducción Audiovisual - BITMAP | C24: Animación de Personajes 3D - M203 | D24: Postproducción Audiovisual - BITMAP | E24: Animación de Personajes 3D - M203
A25: 19:00 20:00 | B25: Animación de Personajes 3D - M203 | C25: Animación de Personajes 3D - M203 | D25: Postproducción Audiovisual - BITMAP | E25: Animación de Personajes 3D - M203
A26: 20:00 21:00 | E26: Negociación Empresarial - M209
A27: 21:00 22:00 | E27: Negociación Empresarial - M209
A28: Horario generado: | G28: asc Horarios.
A29: Asignatura | D29: Horas | E29: Profesores
A30: Gestión de Proyectos | D30: =VLOOKUP(A30, Materias!A2:C180, 3, FALSE) -> 4 | E30: GONZALEZ GARCIA VERONICA
A31: Postproducción Audiovisual | D31: =VLOOKUP(A31, Materias!A2:C180, 3, FALSE) -> 7 | E31: MONROY TREJO ALEJANDRO
A32: Animación de Personajes 3D | D32: =VLOOKUP(A32, Materias!A2:C180, 3, FALSE) -> 7 | E32: OLMOS ZARIÑAN GRISELDA
A33: Integradora I | D33: =VLOOKUP(A33, Materias!A2:C180, 3, FALSE) -> 2 | E33: GARCIA ROMERO LUIS ANGEL
A34: Inglés IX | D34: =VLOOKUP(A34, Materias!A3:C181, 3, FALSE) -> 4 | E34: COORDINACIÓN DE INGLES
A35: Negociación Empresarial | D35: =VLOOKUP(A35, Materias!A4:C182, 3, FALSE) -> 2 | E35: RAMOS GAMA JOSELYN KAREN
A36: Sesiones/Semana | D36: =SUM(D30:D35) -> 26
A38: Director de la División Académica de Diseño Digial Área Animación Nombre y Firma del Director (a) de la División Académica
A39: Mtro. Oliver Raúl Velázquez Torres

Sheet Docentes
A1: 1 | B1: nombre | C1: cargo | D1: div
A2: 1 | B2: BASTIDA MIRANDA JULIO | C2: PTC | D2: RT
A3: 2 | B3: CARRASCO MONDRAGON ALDO JESUS | C3: PTC | D3: RT
A4: 3 | B4: CASAS GOMEZ VICTOR MANUEL | C4: PTC | D4: RT
A5: 4 | B5: DESCHAMPS SOLORZANO JOSE ALEJANDRO | C5: PTC | D5: RT
A6: 5 | B6: ESPINOSA JIMENEZ MARIA MARGARITA | C6: PTC | D6: RT
A7: 6 | B7: GARCIA ROMERO LUIS ANGEL | C7: PTC | D7: RT
A8: 7 | B8: HERNANDEZ JIMENEZ ARTURO | C8: PTC | D8: RT
A9: 8 | B9: HIDALGO BAEZA MARIA DEL CARMEN | C9: PTC | D9: RT
A10: 9 | B10: MARQUEZ SANCHEZ DANIEL MAURICIO | C10: PTC | D10: RT
A11: 10 | B11: MONDRAGÓN DIEGO JOSÉ LUIS | C11: PTC | D11: RT
A12: 11 | B12: MORENO LOAIZA CAROLINA | C12: PTC | D12: RT
... A68: 67 | B68: OLMOS OLALDE VICTOR HUGO | C68: PA | D68: RT
A69: 68 | B69: COORDINACIÓN DE DEPORTES
A70: 69 | B70: COORDINACIÓN DE INGLES

Sheet Materias
A1: name | B1: cuatri | C1: hsm | D1: plan | E1: codigo
A2: Inglés I. | B2: 1 | C2: 5 | D2: Nuevo | E2: 24CD001
A3: Desarrollo Humano y Valores. | B3: 1 | C3: 4 | D3: Nuevo | E3: 24CD002
A4: Fundamentos Matemáticos. | B4: 1 | C4: 7 | D4: Nuevo | E4: 24CD003
A5: Física. | B5: 1 | C5: 6 | D5: Nuevo | E5: 24CD004
A6: Fundamentos de Algoritmos. | B6: 1 | C6: 4 | D6: Nuevo | E6: 24CD005
A7: Introducción a la Ingeniería de Datos. | B7: 1 | C7: 4 | D7: Nuevo | E7: 24CD006
A8: Comunicación y Habilidades Digitales. | B8: 1 | C8: 5 | D8: Nuevo | E8: 24CD007
A9: Tutoría I. | B9: 1 | C9: 1 | D9: Nuevo
A10: Actividades Culturales y Deportivas I. | B10: 1 | C10: 2 | D10: Nuevo
A11: Inglés II. | B11: 2 | C11: 5 | D11: Nuevo | E11: 24CD008
A12: Habilidades Socioemocionales y Manejo de Conflictos. | B12: 2 | C12: 4 | D12: Nuevo | E12: 24CD009
A13: Cálculo Diferencial. | B13: 2 | C13: 6 | D13: Nuevo | E13: 24CD010
A14: Programación. | B14: 2 | C14: 6 | D14: Nuevo | E14: 24CD011
A15: Probabilidad y Estadística. | B15: 2 | C15: 5 | D15: Nuevo | E15: 24CD012
A16: Matemáticas Discretas. | B16: 2 | C16: 5 | D16: Nuevo | E16: 24CD013
A17: Arquitectura de Computadoras y Servidores. | B17: 2 | C17: 4 | D17: Nuevo | E17: 24CD014
A18: Tutoría II. | B18: 2 | C18: 1 | D18: Nuevo
A19: Actividades Culturales y Deportivas II. | B19: 2 | C19: 2 | D19: Nuevo
A20: Inglés I. | B20: 1 | C20: 5 | D20: Nuevo | E20: 24DAD001
A21: Desarrollo Humano y Valores. | B21: 1 | C21: 4 | D21: Nuevo | E21: 24DAD002
A22: Fundamentos Matemáticos. | B22: 1 | C22: 7 | D22: Nuevo | E22: 24DAD003
A23: Fundamentos de Diseño y del Lenguaje Visual. | B23: 1 | C23: 7 | D23: Nuevo | E23: 24DAD004
A24: Representación Visual. | B24: 1 | C24: 4 | D24: Nuevo | E24: 24DAD005
A25: Comunicación Gráfica. | B25: 1 | C25: 3 | D25: Nuevo | E25: 24DAD006
A26: Comunicación y Habilidades Digitales. | B26: 1 | C26: 5 | D26: Nuevo | E26: 24DAD007
A27: Tutoría I. | B27: 1 | C27: 1 | D27: Nuevo
A28: Actividades Culturales y Deportivas I. | B28: 1 | C28: 2 | D28: Nuevo
A29: Inglés II. | B29: 2 | C29: 5 | D29: Nuevo | E29: 24DAD008
A30: Habilidades Socioemocionales y Manejo de Conflictos. | B30: 2 | C30: 4 | D30: Nuevo | E30: 24DAD009
A31: Geometría Descriptiva. | B31: 2 | C31: 5 | D31: Nuevo | E31: 24DAD010
A32: Ilustración Digital. | B32: 2 | C32: 6 | D32: Nuevo | E32: 24DAD011
A33: Modelado Manual. | B33: 2 | C33: 5 | D33: Nuevo | E33: 24DAD012
A34: Representación Geométrica. | B34: 2 | C34: 7 | D34: Nuevo | E34: 24DAD013
A35: Mercadotecnia. | B35: 2 | C35: 3 | D35: Nuevo | E35: 24DAD014
A36: Tutoría II. | B36: 2 | C36: 1 | D36: Nuevo
A37: Actividades Culturales y Deportivas II. | B37: 2 | C37: 2 | D37: Nuevo
A38: Proceso Administrativo | B38: 3 | C38: 3 | D38: Anterior | E38: 18DDA017
A39: Costos | B39: 3 | C39: 3 | D39: Anterior | E39: 18DDA018
A40: Ilustración II | B40: 3 | C40: 5 | D40: Anterior | E40: 18DDA019
A41: Fotografía Digital | B41: 3 | C41: 7 | D41: Anterior | E41: 18DDA020
A42: Mercadotecnia | B42: 3 | C42: 4 | D42: Anterior | E42: 18DDA021
A43: Software CAD | B43: 3 | C43: 6 | D43: Anterior | E43: 18DDA022
A44: Inglés III | B44: 3 | C44: 4 | D44: Anterior | E44: 18DDA023
A45: Formación Sociocultural III | B45: 3 | C45: 2 | D45: Anterior | E45: 18DDA024
A46: Física | B46: 4 | C46: 4 | D46: Anterior | E46: 18DDA025
A47: Animación en 2D | B47: 4 | C47: 5 | D47: Anterior | E47: 18DDA026
A48: Guionismo y Storyboard | B48: 4 | C48: 4 | D48: Anterior | E48: 18DDA027
A49: Prototipos | B49: 4 | C49: 5 | D49: Anterior | E49: 18DDA028
... A91: Comunicación y Habilidades Digitales. | B91: 1 | C91: 5 | D91: Nuevo | E91: 24IRD007
A92: Tutoría II. | B92: 1 | C92: 1 | D92: Nuevo
A93: Actividades Culturales y Deportivas II. | B93: 1 | C93: 2 | D93: Nuevo
A94: Inglés II. | B94: 2 | C94: 5 | D94: Nuevo | E94: 24IRD008
A95: Habilidades Socioemocionales y Manejo de Conflictos. | B95: 2 | C95: 4 | D95: Nuevo | E95: 24IRD009
A96: Cálculo Diferencial. | B96: 2 | C96: 6 | D96: Nuevo | E96: 24IRD010
A97: Conmutación y Enrutamiento de Redes. | B97: 2 | C97: 5 | D97: Nuevo | E97: 24IRD011
A98: Probabilidad y Estadística. | B98: 2 | C98: 5 | D98: Nuevo | E98: 24IRD012
A99: Programación Estructurada. | B99: 2 | C99: 5 | D99: Nuevo | E99: 24IRD013
A100: Sistemas Operativos. | B100: 2 | C100: 5 | D100: Nuevo | E100: 24IRD014
A101: Tutoría II. | B101: 2 | C101: 1 | D101: Nuevo
A102: Actividades Culturales y Deportivas II. | B102: 2 | C102: 2 | D102: Nuevo
A103: Cálculo Diferencial | B103: 3 | C103: 4 | D103: Anterior | E103: 18IRD017
A104: Conmutación de Redes de Datos | B104: 3 | C104: 6 | D104: Anterior | E104: 18IRD018
A105: Infraestructura de Redes de Datos | B105: 3 | C105: 6 | D105: Anterior | E105: 18IRD019
A106: Sistemas Operativos | B106: 3 | C106: 5 | D106: Anterior | E106: 18IRD020
A107: Aplicaciones Web | B107: 3 | C107: 6 | D107: Anterior | E107: 18IRD021
A108: Integradora I | B108: 3 | C108: 2 | D108: Anterior | E108: 18IRD022
A109: Inglés III | B109: 3 | C109: 4 | D109: Anterior | E109: 18IRD023
A110: Formación Sociocultural III | B110: 3 | C110: 2 | D110: Anterior | E110: 18IRD024
A111: Probabilidad y Estadística | B111: 4 | C111: 5 | D111: Anterior | E111: 18IRD025
A112: Electrónica para IDC | B112: 4 | C112: 6 | D112: Anterior | E112: 18IRD026
A113: Conexión de Redes Wan | B113: 4 | C113: 6 | D113: Anterior | E113: 18IRD027
A114: Administración de Servidores I | B114: 4 | C114: 6 | D114: Anterior | E114: 18IRD028
... A149: Negociación Empresarial | B149: 10 | C149: 2 | D149: Anterior | E149: 20IRIC025
B150: 0
